00:0,0,78
00:0,1,37
00:0,2,18
00:0,3,67
00:0,4,22
00:0,5,54
00:0,6,91
00:0,7,37
00:0,8,64
00:0,9,1
00:0,10,83
00:0,11,34
00:0,12,24
00:0,13,32
00:0,14,26
00:0,15,71
00:0,16,82
00:0,17,44
00:0,18,27
00:0,19,48
00:0,20,91
00:0,21,31
00:0,22,46
00:0,23,50
00:5,0,4
00:5,1,89
00:5,2,78
00:5,3,78
00:5,4,4
00:5,5,93
00:5,6,14
00:5,7,83
00:5,8,82
00:5,9,85
00:5,10,2
00:5,11,56
00:5,12,91
00:5,13,94
00:5,14,45
00:5,15,8
00:5,16,95
00:5,17,28
00:5,18,42
00:5,19,72
00:5,20,61
00:5,21,20
00:5,22,43
00:5,23,95
00:10,0,64
00:10,1,70
00:10,2,43
00:10,3,8
00:10,4,53
00:10,5,41
00:10,6,10
00:10,7,57
00:10,8,83
00:10,9,88
00:10,10,35
00:10,11,87
00:10,12,33
00:10,13,2
00:10,14,22
00:10,15,68
00:10,16,39
00:10,17,25
00:10,18,24
00:10,19,82
00:10,20,19
00:10,21,70
00:10,22,90
00:10,23,66
00:15,0,50
00:15,1,32
00:15,2,38
00:15,3,63
00:15,4,5
00:15,5,33
00:15,6,59
00:15,7,21
00:15,8,3
00:15,9,54
00:15,10,29
00:15,11,56
00:15,12,48
00:15,13,91
00:15,14,66
00:15,15,31
00:15,16,79
00:15,17,53
00:15,18,70
00:15,19,65
00:15,20,7
00:15,21,93
00:15,22,33
00:15,23,46
00:20,0,70
00:20,1,9
00:20,2,29
00:20,3,41
00:20,4,79
00:20,5,71
00:20,6,59
00:20,7,30
00:20,8,56
00:20,9,98
00:20,10,45
00:20,11,61
00:20,12,31
00:20,13,56
00:20,14,82
00:20,15,87
00:20,16,11
00:20,17,64
00:20,18,95
00:20,19,11
00:20,20,55
00:20,21,61
00:20,22,42
00:20,23,87
00:25,0,15
00:25,1,64
00:25,2,52
00:25,3,22
00:25,4,57
00:25,5,37
00:25,6,21
00:25,7,79
00:25,8,46
00:25,9,2
00:25,10,72
00:25,11,26
00:25,12,73
00:25,13,32
00:25,14,8
00:25,15,29
00:25,16,30
00:25,17,5
00:25,18,90
00:25,19,13
00:25,20,62
00:25,21,73
00:25,22,52
00:25,23,25
00:30,0,37
00:30,1,48
00:30,2,36
00:30,3,44
00:30,4,9
00:30,5,30
00:30,6,31
00:30,7,76
00:30,8,94
00:30,9,35
00:30,10,51
00:30,11,52
00:30,12,72
00:30,13,72
00:30,14,83
00:30,15,19
00:30,16,74
00:30,17,56
00:30,18,97
00:30,19,99
00:30,20,88
00:30,21,57
00:30,22,29
00:30,23,70
00:35,0,14
00:35,1,19
00:35,2,35
00:35,3,76
00:35,4,44
00:35,5,88
00:35,6,1
00:35,7,33
00:35,8,36
00:35,9,89
00:35,10,78
00:35,11,97
00:35,12,19
00:35,13,61
00:35,14,74
00:35,15,14
00:35,16,97
00:35,17,77
00:35,18,18
00:35,19,21
00:35,20,1
00:35,21,1
00:35,22,92
00:35,23,75
00:40,0,57
00:40,1,41
00:40,2,26
00:40,3,97
00:40,4,98
00:40,5,55
00:40,6,67
00:40,7,13
00:40,8,75
00:40,9,3
00:40,10,41
00:40,11,71
00:40,12,43
00:40,13,95
00:40,14,5
00:40,15,79
00:40,16,84
00:40,17,35
00:40,18,76
00:40,19,4
00:40,20,96
00:40,21,2
00:40,22,18
00:40,23,45
00:45,0,79
00:45,1,36
00:45,2,67
00:45,3,80
00:45,4,37
00:45,5,59
00:45,6,7
00:45,7,47
00:45,8,1
00:45,9,34
00:45,10,96
00:45,11,51
00:45,12,89
00:45,13,16
00:45,14,16
00:45,15,16
00:45,16,71
00:45,17,58
00:45,18,40
00:45,19,14
00:45,20,53
00:45,21,45
00:45,22,93
00:45,23,89
00:50,0,32
00:50,1,21
00:50,2,93
00:50,3,28
00:50,4,76
00:50,5,11
00:50,6,74
00:50,7,55
00:50,8,47
00:50,9,41
00:50,10,88
00:50,11,37
00:50,12,52
00:50,13,47
00:50,14,36
00:50,15,53
00:50,16,81
00:50,17,32
00:50,18,57
00:50,19,23
00:50,20,0
00:50,21,73
00:50,22,91
00:50,23,71
00:55,0,31
00:55,1,31
00:55,2,85
00:55,3,36
00:55,4,28
00:55,5,30
00:55,6,26
00:55,7,60
00:55,8,4
00:55,9,71
00:55,10,41
00:55,11,80
00:55,12,83
00:55,13,67
00:55,14,87
00:55,15,82
00:55,16,60
00:55,17,75
00:55,18,71
00:55,19,12
00:55,20,23
00:55,21,7
00:55,22,18
00:55,23,56
01:00,0,92
01:00,1,75
01:00,2,31
01:00,3,92
01:00,4,48
01:00,5,75
01:00,6,16
01:00,7,32
01:00,8,6
01:00,9,53
01:00,10,20
01:00,11,87
01:00,12,36
01:00,13,98
01:00,14,99
01:00,15,40
01:00,16,70
01:00,17,92
01:00,18,72
01:00,19,5
01:00,20,59
01:00,21,59
01:00,22,87
01:00,23,19
01:05,0,87
01:05,1,11
01:05,2,84
01:05,3,62
01:05,4,18
01:05,5,2
01:05,6,70
01:05,7,62
01:05,8,77
01:05,9,2
01:05,10,7
01:05,11,77
01:05,12,77
01:05,13,23
01:05,14,9
01:05,15,35
01:05,16,28
01:05,17,82
01:05,18,74
01:05,19,64
01:05,20,80
01:05,21,74
01:05,22,4
01:05,23,2
01:10,0,66
01:10,1,28
01:10,2,7
01:10,3,78
01:10,4,88
01:10,5,47
01:10,6,97
01:10,7,27
01:10,8,58
01:10,9,33
01:10,10,89
01:10,11,28
01:10,12,35
01:10,13,59
01:10,14,91
01:10,15,64
01:10,16,13
01:10,17,50
01:10,18,42
01:10,19,42
01:10,20,25
01:10,21,3
01:10,22,78
01:10,23,53
01:15,0,37
01:15,1,52
01:15,2,18
01:15,3,18
01:15,4,78
01:15,5,74
01:15,6,72
01:15,7,97
01:15,8,3
01:15,9,80
01:15,10,75
01:15,11,43
01:15,12,79
01:15,13,24
01:15,14,70
01:15,15,37
01:15,16,58
01:15,17,11
01:15,18,17
01:15,19,45
01:15,20,22
01:15,21,60
01:15,22,10
01:15,23,36
01:20,0,10
01:20,1,4
01:20,2,78
01:20,3,35
01:20,4,7
01:20,5,8
01:20,6,41
01:20,7,45
01:20,8,13
01:20,9,11
01:20,10,15
01:20,11,91
01:20,12,85
01:20,13,87
01:20,14,40
01:20,15,40
01:20,16,19
01:20,17,67
01:20,18,83
01:20,19,50
01:20,20,44
01:20,21,53
01:20,22,87
01:20,23,54
01:25,0,16
01:25,1,57
01:25,2,99
01:25,3,39
01:25,4,17
01:25,5,61
01:25,6,75
01:25,7,80
01:25,8,65
01:25,9,5
01:25,10,15
01:25,11,25
01:25,12,66
01:25,13,8
01:25,14,22
01:25,15,79
01:25,16,19
01:25,17,37
01:25,18,22
01:25,19,57
01:25,20,76
01:25,21,63
01:25,22,97
01:25,23,48
01:30,0,30
01:30,1,81
01:30,2,98
01:30,3,26
01:30,4,86
01:30,5,38
01:30,6,80
01:30,7,3
01:30,8,95
01:30,9,80
01:30,10,94
01:30,11,64
01:30,12,41
01:30,13,69
01:30,14,44
01:30,15,7
01:30,16,26
01:30,17,12
01:30,18,84
01:30,19,92
01:30,20,20
01:30,21,6
01:30,22,71
01:30,23,92
01:35,0,43
01:35,1,46
01:35,2,49
01:35,3,71
01:35,4,9
01:35,5,46
01:35,6,71
01:35,7,91
01:35,8,79
01:35,9,70
01:35,10,18
01:35,11,18
01:35,12,60
01:35,13,98
01:35,14,73
01:35,15,7
01:35,16,30
01:35,17,67
01:35,18,71
01:35,19,24
01:35,20,88
01:35,21,68
01:35,22,83
01:35,23,14
01:40,0,80
01:40,1,67
01:40,2,59
01:40,3,52
01:40,4,73
01:40,5,82
01:40,6,44
01:40,7,68
01:40,8,28
01:40,9,93
01:40,10,39
01:40,11,37
01:40,12,92
01:40,13,63
01:40,14,81
01:40,15,23
01:40,16,33
01:40,17,51
01:40,18,41
01:40,19,45
01:40,20,49
01:40,21,14
01:40,22,4
01:40,23,32
01:45,0,33
01:45,1,75
01:45,2,56
01:45,3,21
01:45,4,95
01:45,5,39
01:45,6,88
01:45,7,75
01:45,8,58
01:45,9,47
01:45,10,80
01:45,11,31
01:45,12,29
01:45,13,24
01:45,14,99
01:45,15,10
01:45,16,70
01:45,17,90
01:45,18,99
01:45,19,14
01:45,20,53
01:45,21,80
01:45,22,37
01:45,23,38
01:50,0,31
01:50,1,31
01:50,2,35
01:50,3,33
01:50,4,97
01:50,5,39
01:50,6,65
01:50,7,31
01:50,8,15
01:50,9,73
01:50,10,52
01:50,11,62
01:50,12,64
01:50,13,40
01:50,14,38
01:50,15,22
01:50,16,39
01:50,17,18
01:50,18,5
01:50,19,21
01:50,20,94
01:50,21,56
01:50,22,31
01:50,23,16
01:55,0,46
01:55,1,30
01:55,2,30
01:55,3,52
01:55,4,63
01:55,5,20
01:55,6,42
01:55,7,94
01:55,8,51
01:55,9,78
01:55,10,79
01:55,11,48
01:55,12,17
01:55,13,96
01:55,14,31
01:55,15,84
01:55,16,69
01:55,17,84
01:55,18,47
01:55,19,85
01:55,20,76
01:55,21,37
01:55,22,7
01:55,23,68
02:00,0,7
02:00,1,64
02:00,2,89
02:00,3,1
02:00,4,20
02:00,5,72
02:00,6,70
02:00,7,67
02:00,8,54
02:00,9,52
02:00,10,71
02:00,11,17
02:00,12,72
02:00,13,13
02:00,14,12
02:00,15,75
02:00,16,91
02:00,17,91
02:00,18,76
02:00,19,9
02:00,20,88
02:00,21,7
02:00,22,93
02:00,23,9
02:05,0,43
02:05,1,92
02:05,2,95
02:05,3,72
02:05,4,29
02:05,5,54
02:05,6,40
02:05,7,36
02:05,8,19
02:05,9,81
02:05,10,90
02:05,11,39
02:05,12,53
02:05,13,12
02:05,14,58
02:05,15,7
02:05,16,64
02:05,17,29
02:05,18,77
02:05,19,89
02:05,20,43
02:05,21,89
02:05,22,64
02:05,23,86
02:10,0,32
02:10,1,92
02:10,2,95
02:10,3,72
02:10,4,52
02:10,5,41
02:10,6,34
02:10,7,95
02:10,8,33
02:10,9,81
02:10,10,19
02:10,11,15
02:10,12,35
02:10,13,59
02:10,14,3
02:10,15,6
02:10,16,92
02:10,17,93
02:10,18,98
02:10,19,97
02:10,20,5
02:10,21,56
02:10,22,57
02:10,23,22
02:15,0,38
02:15,1,34
02:15,2,11
02:15,3,33
02:15,4,75
02:15,5,27
02:15,6,19
02:15,7,7
02:15,8,20
02:15,9,67
02:15,10,32
02:15,11,24
02:15,12,8
02:15,13,66
02:15,14,71
02:15,15,93
02:15,16,47
02:15,17,91
02:15,18,8
02:15,19,34
02:15,20,2
02:15,21,12
02:15,22,93
02:15,23,95
02:20,0,57
02:20,1,91
02:20,2,44
02:20,3,15
02:20,4,99
02:20,5,1
02:20,6,37
02:20,7,37
02:20,8,35
02:20,9,0
02:20,10,70
02:20,11,10
02:20,12,27
02:20,13,42
02:20,14,70
02:20,15,99
02:20,16,9
02:20,17,2
02:20,18,75
02:20,19,17
02:20,20,20
02:20,21,47
02:20,22,62
02:20,23,19
02:25,0,38
02:25,1,71
02:25,2,5
02:25,3,40
02:25,4,35
02:25,5,98
02:25,6,87
02:25,7,44
02:25,8,41
02:25,9,32
02:25,10,11
02:25,11,41
02:25,12,85
02:25,13,48
02:25,14,30
02:25,15,21
02:25,16,0
02:25,17,53
02:25,18,83
02:25,19,80
02:25,20,95
02:25,21,53
02:25,22,31
02:25,23,4
02:30,0,7
02:30,1,7
02:30,2,73
02:30,3,27
02:30,4,54
02:30,5,35
02:30,6,98
02:30,7,92
02:30,8,58
02:30,9,4
02:30,10,84
02:30,11,45
02:30,12,54
02:30,13,24
02:30,14,90
02:30,15,96
02:30,16,8
02:30,17,1
02:30,18,89
02:30,19,93
02:30,20,2
02:30,21,71
02:30,22,14
02:30,23,2
02:35,0,24
02:35,1,98
02:35,2,34
02:35,3,19
02:35,4,3
02:35,5,66
02:35,6,75
02:35,7,11
02:35,8,73
02:35,9,48
02:35,10,38
02:35,11,27
02:35,12,36
02:35,13,37
02:35,14,19
02:35,15,94
02:35,16,93
02:35,17,55
02:35,18,40
02:35,19,47
02:35,20,79
02:35,21,30
02:35,22,95
02:35,23,87
02:40,0,83
02:40,1,84
02:40,2,33
02:40,3,85
02:40,4,56
02:40,5,47
02:40,6,40
02:40,7,32
02:40,8,97
02:40,9,74
02:40,10,4
02:40,11,1
02:40,12,40
02:40,13,79
02:40,14,64
02:40,15,65
02:40,16,80
02:40,17,54
02:40,18,92
02:40,19,16
02:40,20,91
02:40,21,63
02:40,22,10
02:40,23,36
02:45,0,19
02:45,1,2
02:45,2,84
02:45,3,50
02:45,4,84
02:45,5,79
02:45,6,90
02:45,7,68
02:45,8,16
02:45,9,23
02:45,10,5
02:45,11,72
02:45,12,22
02:45,13,97
02:45,14,56
02:45,15,72
02:45,16,24
02:45,17,60
02:45,18,25
02:45,19,16
02:45,20,40
02:45,21,89
02:45,22,82
02:45,23,72
02:50,0,43
02:50,1,74
02:50,2,88
02:50,3,87
02:50,4,90
02:50,5,50
02:50,6,23
02:50,7,61
02:50,8,5
02:50,9,59
02:50,10,11
02:50,11,89
02:50,12,39
02:50,13,53
02:50,14,9
02:50,15,55
02:50,16,28
02:50,17,67
02:50,18,79
02:50,19,3
02:50,20,64
02:50,21,35
02:50,22,75
02:50,23,40
02:55,0,96
02:55,1,52
02:55,2,57
02:55,3,88
02:55,4,41
02:55,5,91
02:55,6,12
02:55,7,36
02:55,8,17
02:55,9,52
02:55,10,75
02:55,11,7
02:55,12,2
02:55,13,99
02:55,14,68
02:55,15,59
02:55,16,10
02:55,17,32
02:55,18,49
02:55,19,1
02:55,20,37
02:55,21,58
02:55,22,8
02:55,23,66
03:00,0,25
03:00,1,87
03:00,2,21
03:00,3,42
03:00,4,75
03:00,5,96
03:00,6,82
03:00,7,23
03:00,8,0
03:00,9,91
03:00,10,63
03:00,11,41
03:00,12,82
03:00,13,75
03:00,14,29
03:00,15,0
03:00,16,79
03:00,17,5
03:00,18,7
03:00,19,33
03:00,20,56
03:00,21,28
03:00,22,93
03:00,23,66
03:05,0,60
03:05,1,42
03:05,2,68
03:05,3,97
03:05,4,52
03:05,5,76
03:05,6,15
03:05,7,78
03:05,8,16
03:05,9,36
03:05,10,72
03:05,11,43
03:05,12,84
03:05,13,54
03:05,14,66
03:05,15,84
03:05,16,46
03:05,17,81
03:05,18,77
03:05,19,28
03:05,20,8
03:05,21,59
03:05,22,28
03:05,23,87
03:10,0,64
03:10,1,88
03:10,2,20
03:10,3,72
03:10,4,16
03:10,5,13
03:10,6,38
03:10,7,28
03:10,8,55
03:10,9,58
03:10,10,77
03:10,11,8
03:10,12,87
03:10,13,93
03:10,14,38
03:10,15,3
03:10,16,81
03:10,17,10
03:10,18,98
03:10,19,66
03:10,20,64
03:10,21,64
03:10,22,2
03:10,23,62
03:15,0,97
03:15,1,32
03:15,2,43
03:15,3,5
03:15,4,91
03:15,5,71
03:15,6,92
03:15,7,7
03:15,8,11
03:15,9,12
03:15,10,79
03:15,11,27
03:15,12,26
03:15,13,69
03:15,14,7
03:15,15,33
03:15,16,28
03:15,17,85
03:15,18,93
03:15,19,67
03:15,20,78
03:15,21,31
03:15,22,70
03:15,23,11
03:20,0,41
03:20,1,68
03:20,2,29
03:20,3,58
03:20,4,84
03:20,5,32
03:20,6,72
03:20,7,81
03:20,8,16
03:20,9,15
03:20,10,86
03:20,11,7
03:20,12,39
03:20,13,30
03:20,14,14
03:20,15,50
03:20,16,42
03:20,17,93
03:20,18,30
03:20,19,20
03:20,20,14
03:20,21,37
03:20,22,54
03:20,23,42
03:25,0,22
03:25,1,47
03:25,2,9
03:25,3,52
03:25,4,31
03:25,5,31
03:25,6,16
03:25,7,24
03:25,8,51
03:25,9,45
03:25,10,82
03:25,11,87
03:25,12,29
03:25,13,7
03:25,14,20
03:25,15,45
03:25,16,22
03:25,17,58
03:25,18,4
03:25,19,61
03:25,20,88
03:25,21,18
03:25,22,64
03:25,23,83
03:30,0,63
03:30,1,94
03:30,2,3
03:30,3,78
03:30,4,83
03:30,5,9
03:30,6,72
03:30,7,58
03:30,8,9
03:30,9,34
03:30,10,62
03:30,11,40
03:30,12,17
03:30,13,78
03:30,14,64
03:30,15,69
03:30,16,76
03:30,17,99
03:30,18,8
03:30,19,5
03:30,20,6
03:30,21,29
03:30,22,3
03:30,23,80
03:35,0,87
03:35,1,59
03:35,2,42
03:35,3,76
03:35,4,30
03:35,5,6
03:35,6,11
03:35,7,93
03:35,8,52
03:35,9,14
03:35,10,23
03:35,11,35
03:35,12,76
03:35,13,48
03:35,14,93
03:35,15,85
03:35,16,82
03:35,17,8
03:35,18,77
03:35,19,99
03:35,20,86
03:35,21,93
03:35,22,20
03:35,23,62
03:40,0,92
03:40,1,29
03:40,2,20
03:40,3,50
03:40,4,10
03:40,5,75
03:40,6,31
03:40,7,97
03:40,8,34
03:40,9,25
03:40,10,25
03:40,11,64
03:40,12,83
03:40,13,36
03:40,14,10
03:40,15,35
03:40,16,3
03:40,17,85
03:40,18,70
03:40,19,79
03:40,20,33
03:40,21,16
03:40,22,16
03:40,23,67
03:45,0,24
03:45,1,93
03:45,2,19
03:45,3,62
03:45,4,86
03:45,5,39
03:45,6,77
03:45,7,31
03:45,8,20
03:45,9,97
03:45,10,81
03:45,11,30
03:45,12,24
03:45,13,64
03:45,14,28
03:45,15,58
03:45,16,89
03:45,17,5
03:45,18,75
03:45,19,24
03:45,20,42
03:45,21,37
03:45,22,59
03:45,23,45
03:50,0,22
03:50,1,82
03:50,2,76
03:50,3,8
03:50,4,98
03:50,5,92
03:50,6,75
03:50,7,74
03:50,8,85
03:50,9,94
03:50,10,36
03:50,11,23
03:50,12,86
03:50,13,13
03:50,14,54
03:50,15,6
03:50,16,62
03:50,17,88
03:50,18,89
03:50,19,86
03:50,20,4
03:50,21,17
03:50,22,97
03:50,23,46
03:55,0,74
03:55,1,24
03:55,2,70
03:55,3,16
03:55,4,61
03:55,5,30
03:55,6,13
03:55,7,35
03:55,8,12
03:55,9,41
03:55,10,43
03:55,11,62
03:55,12,33
03:55,13,71
03:55,14,36
03:55,15,70
03:55,16,17
03:55,17,24
03:55,18,94
03:55,19,3
03:55,20,90
03:55,21,0
03:55,22,62
03:55,23,4
04:00,0,88
04:00,1,51
04:00,2,43
04:00,3,93
04:00,4,20
04:00,5,92
04:00,6,91
04:00,7,94
04:00,8,16
04:00,9,61
04:00,10,63
04:00,11,29
04:00,12,91
04:00,13,76
04:00,14,64
04:00,15,55
04:00,16,70
04:00,17,60
04:00,18,17
04:00,19,3
04:00,20,83
04:00,21,5
04:00,22,26
04:00,23,0
04:05,0,82
04:05,1,72
04:05,2,56
04:05,3,72
04:05,4,72
04:05,5,70
04:05,6,76
04:05,7,13
04:05,8,21
04:05,9,19
04:05,10,58
04:05,11,93
04:05,12,11
04:05,13,49
04:05,14,87
04:05,15,79
04:05,16,10
04:05,17,2
04:05,18,8
04:05,19,54
04:05,20,31
04:05,21,25
04:05,22,9
04:05,23,1
04:10,0,37
04:10,1,27
04:10,2,56
04:10,3,20
04:10,4,32
04:10,5,82
04:10,6,72
04:10,7,14
04:10,8,54
04:10,9,80
04:10,10,38
04:10,11,79
04:10,12,50
04:10,13,67
04:10,14,92
04:10,15,23
04:10,16,86
04:10,17,2
04:10,18,16
04:10,19,50
04:10,20,51
04:10,21,56
04:10,22,81
04:10,23,13
04:15,0,58
04:15,1,90
04:15,2,67
04:15,3,89
04:15,4,67
04:15,5,77
04:15,6,42
04:15,7,56
04:15,8,56
04:15,9,99
04:15,10,28
04:15,11,40
04:15,12,81
04:15,13,52
04:15,14,7
04:15,15,88
04:15,16,33
04:15,17,45
04:15,18,67
04:15,19,83
04:15,20,12
04:15,21,59
04:15,22,7
04:15,23,51
04:20,0,61
04:20,1,75
04:20,2,53
04:20,3,64
04:20,4,31
04:20,5,34
04:20,6,77
04:20,7,42
04:20,8,76
04:20,9,97
04:20,10,83
04:20,11,95
04:20,12,74
04:20,13,26
04:20,14,51
04:20,15,82
04:20,16,25
04:20,17,79
04:20,18,22
04:20,19,58
04:20,20,32
04:20,21,29
04:20,22,46
04:20,23,17
04:25,0,27
04:25,1,13
04:25,2,0
04:25,3,91
04:25,4,24
04:25,5,59
04:25,6,42
04:25,7,37
04:25,8,35
04:25,9,47
04:25,10,1
04:25,11,18
04:25,12,82
04:25,13,31
04:25,14,60
04:25,15,10
04:25,16,28
04:25,17,44
04:25,18,6
04:25,19,54
04:25,20,70
04:25,21,57
04:25,22,88
04:25,23,47
04:30,0,89
04:30,1,10
04:30,2,5
04:30,3,73
04:30,4,92
04:30,5,52
04:30,6,90
04:30,7,19
04:30,8,17
04:30,9,42
04:30,10,10
04:30,11,42
04:30,12,54
04:30,13,5
04:30,14,79
04:30,15,89
04:30,16,4
04:30,17,81
04:30,18,59
04:30,19,38
04:30,20,64
04:30,21,20
04:30,22,49
04:30,23,44
04:35,0,64
04:35,1,55
04:35,2,50
04:35,3,86
04:35,4,64
04:35,5,38
04:35,6,85
04:35,7,5
04:35,8,0
04:35,9,90
04:35,10,30
04:35,11,92
04:35,12,94
04:35,13,20
04:35,14,63
04:35,15,12
04:35,16,15
04:35,17,26
04:35,18,54
04:35,19,69
04:35,20,83
04:35,21,33
04:35,22,10
04:35,23,87
04:40,0,66
04:40,1,69
04:40,2,26
04:40,3,30
04:40,4,41
04:40,5,27
04:40,6,26
04:40,7,57
04:40,8,82
04:40,9,76
04:40,10,43
04:40,11,98
04:40,12,66
04:40,13,28
04:40,14,56
04:40,15,67
04:40,16,71
04:40,17,86
04:40,18,59
04:40,19,65
04:40,20,59
04:40,21,23
04:40,22,77
04:40,23,74
04:45,0,49
04:45,1,83
04:45,2,95
04:45,3,32
04:45,4,17
04:45,5,57
04:45,6,71
04:45,7,35
04:45,8,26
04:45,9,97
04:45,10,18
04:45,11,20
04:45,12,24
04:45,13,44
04:45,14,77
04:45,15,58
04:45,16,21
04:45,17,73
04:45,18,9
04:45,19,87
04:45,20,53
04:45,21,65
04:45,22,6
04:45,23,24
04:50,0,3
04:50,1,66
04:50,2,42
04:50,3,62
04:50,4,41
04:50,5,71
04:50,6,88
04:50,7,42
04:50,8,55
04:50,9,35
04:50,10,26
04:50,11,72
04:50,12,92
04:50,13,97
04:50,14,59
04:50,15,71
04:50,16,47
04:50,17,77
04:50,18,43
04:50,19,23
04:50,20,22
04:50,21,20
04:50,22,34
04:50,23,95
04:55,0,45
04:55,1,43
04:55,2,34
04:55,3,99
04:55,4,60
04:55,5,41
04:55,6,75
04:55,7,15
04:55,8,7
04:55,9,17
04:55,10,30
04:55,11,0
04:55,12,41
04:55,13,18
04:55,14,42
04:55,15,96
04:55,16,6
04:55,17,68
04:55,18,20
04:55,19,50
04:55,20,17
04:55,21,79
04:55,22,73
04:55,23,64
05:00,0,57
05:00,1,16
05:00,2,88
05:00,3,31
05:00,4,37
05:00,5,22
05:00,6,26
05:00,7,82
05:00,8,17
05:00,9,60
05:00,10,33
05:00,11,29
05:00,12,1
05:00,13,9
05:00,14,44
05:00,15,60
05:00,16,78
05:00,17,74
05:00,18,12
05:00,19,19
05:00,20,45
05:00,21,54
05:00,22,15
05:00,23,51
05:05,0,74
05:05,1,87
05:05,2,53
05:05,3,92
05:05,4,67
05:05,5,27
05:05,6,8
05:05,7,76
05:05,8,43
05:05,9,48
05:05,10,7
05:05,11,32
05:05,12,22
05:05,13,33
05:05,14,67
05:05,15,39
05:05,16,45
05:05,17,0
05:05,18,20
05:05,19,99
05:05,20,61
05:05,21,65
05:05,22,11
05:05,23,40
05:10,0,91
05:10,1,24
05:10,2,11
05:10,3,36
05:10,4,78
05:10,5,79
05:10,6,39
05:10,7,5
05:10,8,66
05:10,9,93
05:10,10,97
05:10,11,85
05:10,12,20
05:10,13,57
05:10,14,61
05:10,15,15
05:10,16,6
05:10,17,20
05:10,18,48
05:10,19,28
05:10,20,53
05:10,21,67
05:10,22,20
05:10,23,51
05:15,0,67
05:15,1,40
05:15,2,50
05:15,3,29
05:15,4,57
05:15,5,61
05:15,6,21
05:15,7,49
05:15,8,85
05:15,9,32
05:15,10,37
05:15,11,16
05:15,12,11
05:15,13,77
05:15,14,21
05:15,15,30
05:15,16,70
05:15,17,70
05:15,18,15
05:15,19,42
05:15,20,27
05:15,21,29
05:15,22,9
05:15,23,85
05:20,0,49
05:20,1,57
05:20,2,66
05:20,3,55
05:20,4,76
05:20,5,38
05:20,6,6
05:20,7,44
05:20,8,30
05:20,9,8
05:20,10,25
05:20,11,88
05:20,12,69
05:20,13,98
05:20,14,89
05:20,15,7
05:20,16,30
05:20,17,26
05:20,18,75
05:20,19,94
05:20,20,3
05:20,21,96
05:20,22,76
05:20,23,25
05:25,0,18
05:25,1,91
05:25,2,19
05:25,3,97
05:25,4,20
05:25,5,29
05:25,6,83
05:25,7,22
05:25,8,38
05:25,9,1
05:25,10,77
05:25,11,15
05:25,12,39
05:25,13,35
05:25,14,11
05:25,15,69
05:25,16,43
05:25,17,36
05:25,18,57
05:25,19,64
05:25,20,86
05:25,21,98
05:25,22,71
05:25,23,16
05:30,0,25
05:30,1,46
05:30,2,62
05:30,3,80
05:30,4,94
05:30,5,38
05:30,6,6
05:30,7,12
05:30,8,82
05:30,9,77
05:30,10,10
05:30,11,54
05:30,12,6
05:30,13,45
05:30,14,76
05:30,15,97
05:30,16,46
05:30,17,5
05:30,18,12
05:30,19,85
05:30,20,40
05:30,21,75
05:30,22,54
05:30,23,83
05:35,0,63
05:35,1,64
05:35,2,48
05:35,3,49
05:35,4,62
05:35,5,71
05:35,6,17
05:35,7,39
05:35,8,70
05:35,9,32
05:35,10,20
05:35,11,16
05:35,12,22
05:35,13,78
05:35,14,29
05:35,15,4
05:35,16,55
05:35,17,91
05:35,18,11
05:35,19,14
05:35,20,36
05:35,21,39
05:35,22,11
05:35,23,34
05:40,0,45
05:40,1,75
05:40,2,19
05:40,3,85
05:40,4,50
05:40,5,25
05:40,6,21
05:40,7,65
05:40,8,41
05:40,9,21
05:40,10,14
05:40,11,56
05:40,12,44
05:40,13,83
05:40,14,95
05:40,15,66
05:40,16,15
05:40,17,15
05:40,18,83
05:40,19,38
05:40,20,93
05:40,21,12
05:40,22,94
05:40,23,1
05:45,0,55
05:45,1,5
05:45,2,15
05:45,3,43
05:45,4,45
05:45,5,78
05:45,6,77
05:45,7,42
05:45,8,53
05:45,9,48
05:45,10,79
05:45,11,55
05:45,12,25
05:45,13,0
05:45,14,20
05:45,15,19
05:45,16,73
05:45,17,86
05:45,18,75
05:45,19,18
05:45,20,69
05:45,21,70
05:45,22,84
05:45,23,85
05:50,0,38
05:50,1,19
05:50,2,23
05:50,3,83
05:50,4,83
05:50,5,17
05:50,6,84
05:50,7,38
05:50,8,75
05:50,9,51
05:50,10,33
05:50,11,72
05:50,12,29
05:50,13,10
05:50,14,14
05:50,15,34
05:50,16,10
05:50,17,93
05:50,18,89
05:50,19,88
05:50,20,46
05:50,21,61
05:50,22,7
05:50,23,19
05:55,0,99
05:55,1,82
05:55,2,89
05:55,3,69
05:55,4,4
05:55,5,26
05:55,6,6
05:55,7,94
05:55,8,97
05:55,9,81
05:55,10,78
05:55,11,81
05:55,12,50
05:55,13,14
05:55,14,19
05:55,15,77
05:55,16,66
05:55,17,53
05:55,18,49
05:55,19,47
05:55,20,15
05:55,21,63
05:55,22,82
05:55,23,78
06:00,0,57
06:00,1,23
06:00,2,18
06:00,3,55
06:00,4,37
06:00,5,25
06:00,6,26
06:00,7,36
06:00,8,59
06:00,9,68
06:00,10,57
06:00,11,15
06:00,12,46
06:00,13,15
06:00,14,10
06:00,15,43
06:00,16,96
06:00,17,88
06:00,18,24
06:00,19,99
06:00,20,2
06:00,21,44
06:00,22,76
06:00,23,20
06:05,0,49
06:05,1,26
06:05,2,68
06:05,3,16
06:05,4,89
06:05,5,2
06:05,6,46
06:05,7,98
06:05,8,25
06:05,9,64
06:05,10,53
06:05,11,14
06:05,12,41
06:05,13,80
06:05,14,51
06:05,15,0
06:05,16,48
06:05,17,60
06:05,18,68
06:05,19,94
06:05,20,76
06:05,21,78
06:05,22,89
06:05,23,24
06:10,0,18
06:10,1,14
06:10,2,23
06:10,3,20
06:10,4,10
06:10,5,52
06:10,6,93
06:10,7,59
06:10,8,78
06:10,9,13
06:10,10,27
06:10,11,19
06:10,12,15
06:10,13,74
06:10,14,18
06:10,15,92
06:10,16,90
06:10,17,23
06:10,18,7
06:10,19,32
06:10,20,55
06:10,21,10
06:10,22,84
06:10,23,55
06:15,0,70
06:15,1,52
06:15,2,1
06:15,3,46
06:15,4,30
06:15,5,91
06:15,6,23
06:15,7,48
06:15,8,5
06:15,9,98
06:15,10,21
06:15,11,15
06:15,12,50
06:15,13,66
06:15,14,26
06:15,15,28
06:15,16,79
06:15,17,5
06:15,18,0
06:15,19,94
06:15,20,31
06:15,21,70
06:15,22,38
06:15,23,22
06:20,0,93
06:20,1,45
06:20,2,54
06:20,3,1
06:20,4,55
06:20,5,38
06:20,6,56
06:20,7,26
06:20,8,91
06:20,9,10
06:20,10,24
06:20,11,73
06:20,12,1
06:20,13,47
06:20,14,22
06:20,15,58
06:20,16,46
06:20,17,95
06:20,18,25
06:20,19,48
06:20,20,61
06:20,21,51
06:20,22,29
06:20,23,40
06:25,0,8
06:25,1,29
06:25,2,86
06:25,3,40
06:25,4,99
06:25,5,24
06:25,6,62
06:25,7,44
06:25,8,22
06:25,9,16
06:25,10,97
06:25,11,77
06:25,12,6
06:25,13,6
06:25,14,55
06:25,15,49
06:25,16,16
06:25,17,32
06:25,18,23
06:25,19,17
06:25,20,31
06:25,21,97
06:25,22,27
06:25,23,29
06:30,0,92
06:30,1,52
06:30,2,78
06:30,3,53
06:30,4,3
06:30,5,7
06:30,6,45
06:30,7,63
06:30,8,36
06:30,9,31
06:30,10,3
06:30,11,87
06:30,12,7
06:30,13,65
06:30,14,83
06:30,15,29
06:30,16,33
06:30,17,81
06:30,18,7
06:30,19,92
06:30,20,87
06:30,21,14
06:30,22,41
06:30,23,3
06:35,0,46
06:35,1,16
06:35,2,72
06:35,3,78
06:35,4,13
06:35,5,99
06:35,6,7
06:35,7,57
06:35,8,51
06:35,9,85
06:35,10,62
06:35,11,6
06:35,12,44
06:35,13,7
06:35,14,69
06:35,15,32
06:35,16,38
06:35,17,25
06:35,18,19
06:35,19,46
06:35,20,90
06:35,21,55
06:35,22,75
06:35,23,76
06:40,0,36
06:40,1,34
06:40,2,20
06:40,3,75
06:40,4,49
06:40,5,61
06:40,6,30
06:40,7,95
06:40,8,30
06:40,9,54
06:40,10,73
06:40,11,95
06:40,12,5
06:40,13,33
06:40,14,53
06:40,15,8
06:40,16,70
06:40,17,15
06:40,18,66
06:40,19,15
06:40,20,23
06:40,21,35
06:40,22,47
06:40,23,13
06:45,0,12
06:45,1,19
06:45,2,11
06:45,3,55
06:45,4,74
06:45,5,39
06:45,6,31
06:45,7,62
06:45,8,73
06:45,9,51
06:45,10,37
06:45,11,74
06:45,12,64
06:45,13,19
06:45,14,22
06:45,15,46
06:45,16,73
06:45,17,47
06:45,18,42
06:45,19,78
06:45,20,80
06:45,21,95
06:45,22,86
06:45,23,51
06:50,0,62
06:50,1,52
06:50,2,18
06:50,3,85
06:50,4,39
06:50,5,65
06:50,6,51
06:50,7,52
06:50,8,84
06:50,9,62
06:50,10,7
06:50,11,58
06:50,12,53
06:50,13,90
06:50,14,20
06:50,15,79
06:50,16,93
06:50,17,9
06:50,18,53
06:50,19,9
06:50,20,28
06:50,21,27
06:50,22,56
06:50,23,1
06:55,0,75
06:55,1,50
06:55,2,31
06:55,3,7
06:55,4,45
06:55,5,69
06:55,6,10
06:55,7,59
06:55,8,21
06:55,9,28
06:55,10,97
06:55,11,13
06:55,12,94
06:55,13,48
06:55,14,17
06:55,15,78
06:55,16,62
06:55,17,76
06:55,18,89
06:55,19,16
06:55,20,18
06:55,21,61
06:55,22,47
06:55,23,11
07:00,0,71
07:00,1,52
07:00,2,72
07:00,3,51
07:00,4,80
07:00,5,80
07:00,6,5
07:00,7,55
07:00,8,30
07:00,9,36
07:00,10,62
07:00,11,75
07:00,12,6
07:00,13,73
07:00,14,87
07:00,15,79
07:00,16,53
07:00,17,84
07:00,18,92
07:00,19,47
07:00,20,32
07:00,21,61
07:00,22,78
07:00,23,46
07:05,0,37
07:05,1,19
07:05,2,62
07:05,3,55
07:05,4,80
07:05,5,61
07:05,6,18
07:05,7,3
07:05,8,14
07:05,9,91
07:05,10,55
07:05,11,94
07:05,12,71
07:05,13,60
07:05,14,1
07:05,15,54
07:05,16,48
07:05,17,15
07:05,18,81
07:05,19,54
07:05,20,40
07:05,21,68
07:05,22,86
07:05,23,94
07:10,0,52
07:10,1,30
07:10,2,41
07:10,3,84
07:10,4,92
07:10,5,71
07:10,6,31
07:10,7,81
07:10,8,90
07:10,9,45
07:10,10,37
07:10,11,71
07:10,12,7
07:10,13,7
07:10,14,74
07:10,15,21
07:10,16,50
07:10,17,81
07:10,18,67
07:10,19,74
07:10,20,41
07:10,21,68
07:10,22,28
07:10,23,90
07:15,0,83
07:15,1,9
07:15,2,96
07:15,3,24
07:15,4,78
07:15,5,82
07:15,6,18
07:15,7,30
07:15,8,65
07:15,9,11
07:15,10,67
07:15,11,57
07:15,12,83
07:15,13,50
07:15,14,38
07:15,15,73
07:15,16,47
07:15,17,27
07:15,18,44
07:15,19,6
07:15,20,35
07:15,21,71
07:15,22,79
07:15,23,85
07:20,0,52
07:20,1,46
07:20,2,59
07:20,3,46
07:20,4,14
07:20,5,87
07:20,6,88
07:20,7,98
07:20,8,49
07:20,9,36
07:20,10,74
07:20,11,27
07:20,12,71
07:20,13,92
07:20,14,9
07:20,15,36
07:20,16,55
07:20,17,28
07:20,18,93
07:20,19,38
07:20,20,78
07:20,21,83
07:20,22,12
07:20,23,26
07:25,0,11
07:25,1,8
07:25,2,32
07:25,3,98
07:25,4,79
07:25,5,64
07:25,6,83
07:25,7,84
07:25,8,10
07:25,9,95
07:25,10,82
07:25,11,77
07:25,12,34
07:25,13,70
07:25,14,27
07:25,15,83
07:25,16,6
07:25,17,1
07:25,18,62
07:25,19,29
07:25,20,45
07:25,21,72
07:25,22,65
07:25,23,0
07:30,0,0
07:30,1,58
07:30,2,39
07:30,3,31
07:30,4,94
07:30,5,51
07:30,6,57
07:30,7,5
07:30,8,59
07:30,9,41
07:30,10,3
07:30,11,91
07:30,12,57
07:30,13,38
07:30,14,75
07:30,15,68
07:30,16,33
07:30,17,57
07:30,18,45
07:30,19,68
07:30,20,79
07:30,21,72
07:30,22,51
07:30,23,37
07:35,0,73
07:35,1,14
07:35,2,67
07:35,3,70
07:35,4,38
07:35,5,32
07:35,6,70
07:35,7,90
07:35,8,43
07:35,9,61
07:35,10,21
07:35,11,37
07:35,12,64
07:35,13,30
07:35,14,94
07:35,15,24
07:35,16,24
07:35,17,97
07:35,18,67
07:35,19,81
07:35,20,87
07:35,21,94
07:35,22,49
07:35,23,21
07:40,0,3
07:40,1,46
07:40,2,41
07:40,3,82
07:40,4,18
07:40,5,44
07:40,6,19
07:40,7,43
07:40,8,10
07:40,9,38
07:40,10,13
07:40,11,48
07:40,12,71
07:40,13,36
07:40,14,39
07:40,15,66
07:40,16,97
07:40,17,12
07:40,18,3
07:40,19,62
07:40,20,43
07:40,21,97
07:40,22,38
07:40,23,67
07:45,0,46
07:45,1,5
07:45,2,48
07:45,3,33
07:45,4,51
07:45,5,50
07:45,6,6
07:45,7,54
07:45,8,96
07:45,9,47
07:45,10,36
07:45,11,67
07:45,12,92
07:45,13,7
07:45,14,10
07:45,15,54
07:45,16,98
07:45,17,76
07:45,18,3
07:45,19,21
07:45,20,12
07:45,21,94
07:45,22,87
07:45,23,61
07:50,0,6
07:50,1,90
07:50,2,23
07:50,3,1
07:50,4,39
07:50,5,13
07:50,6,68
07:50,7,85
07:50,8,70
07:50,9,69
07:50,10,70
07:50,11,21
07:50,12,71
07:50,13,77
07:50,14,27
07:50,15,19
07:50,16,24
07:50,17,63
07:50,18,86
07:50,19,68
07:50,20,23
07:50,21,49
07:50,22,23
07:50,23,73
07:55,0,25
07:55,1,78
07:55,2,94
07:55,3,89
07:55,4,72
07:55,5,81
07:55,6,50
07:55,7,30
07:55,8,23
07:55,9,26
07:55,10,84
07:55,11,62
07:55,12,39
07:55,13,4
07:55,14,99
07:55,15,62
07:55,16,73
07:55,17,69
07:55,18,83
07:55,19,96
07:55,20,46
07:55,21,11
07:55,22,16
07:55,23,71
08:00,0,26
08:00,1,2
08:00,2,91
08:00,3,1
08:00,4,51
08:00,5,14
08:00,6,74
08:00,7,28
08:00,8,92
08:00,9,20
08:00,10,17
08:00,11,16
08:00,12,1
08:00,13,20
08:00,14,47
08:00,15,24
08:00,16,98
08:00,17,83
08:00,18,38
08:00,19,89
08:00,20,87
08:00,21,37
08:00,22,51
08:00,23,13
08:05,0,7
08:05,1,87
08:05,2,9
08:05,3,5
08:05,4,50
08:05,5,25
08:05,6,28
08:05,7,28
08:05,8,28
08:05,9,20
08:05,10,82
08:05,11,31
08:05,12,34
08:05,13,8
08:05,14,60
08:05,15,27
08:05,16,29
08:05,17,29
08:05,18,43
08:05,19,82
08:05,20,1
08:05,21,42
08:05,22,7
08:05,23,99
08:10,0,25
08:10,1,45
08:10,2,89
08:10,3,65
08:10,4,35
08:10,5,92
08:10,6,78
08:10,7,94
08:10,8,79
08:10,9,87
08:10,10,99
08:10,11,81
08:10,12,13
08:10,13,28
08:10,14,10
08:10,15,93
08:10,16,48
08:10,17,92
08:10,18,76
08:10,19,82
08:10,20,52
08:10,21,88
08:10,22,61
08:10,23,81
08:15,0,70
08:15,1,57
08:15,2,64
08:15,3,71
08:15,4,99
08:15,5,23
08:15,6,71
08:15,7,77
08:15,8,20
08:15,9,12
08:15,10,42
08:15,11,55
08:15,12,4
08:15,13,20
08:15,14,1
08:15,15,36
08:15,16,59
08:15,17,1
08:15,18,17
08:15,19,72
08:15,20,29
08:15,21,79
08:15,22,17
08:15,23,29
08:20,0,23
08:20,1,94
08:20,2,11
08:20,3,76
08:20,4,34
08:20,5,25
08:20,6,9
08:20,7,4
08:20,8,82
08:20,9,73
08:20,10,76
08:20,11,33
08:20,12,48
08:20,13,99
08:20,14,62
08:20,15,69
08:20,16,11
08:20,17,56
08:20,18,76
08:20,19,67
08:20,20,28
08:20,21,78
08:20,22,3
08:20,23,88
08:25,0,31
08:25,1,73
08:25,2,12
08:25,3,12
08:25,4,52
08:25,5,30
08:25,6,41
08:25,7,76
08:25,8,76
08:25,9,4
08:25,10,52
08:25,11,62
08:25,12,29
08:25,13,13
08:25,14,67
08:25,15,11
08:25,16,39
08:25,17,95
08:25,18,97
08:25,19,87
08:25,20,94
08:25,21,59
08:25,22,8
08:25,23,57
08:30,0,16
08:30,1,37
08:30,2,76
08:30,3,44
08:30,4,67
08:30,5,32
08:30,6,32
08:30,7,98
08:30,8,5
08:30,9,97
08:30,10,10
08:30,11,9
08:30,12,79
08:30,13,3
08:30,14,85
08:30,15,7
08:30,16,7
08:30,17,89
08:30,18,69
08:30,19,37
08:30,20,3
08:30,21,36
08:30,22,0
08:30,23,42
08:35,0,31
08:35,1,49
08:35,2,81
08:35,3,77
08:35,4,9
08:35,5,90
08:35,6,34
08:35,7,77
08:35,8,79
08:35,9,63
08:35,10,73
08:35,11,46
08:35,12,95
08:35,13,6
08:35,14,44
08:35,15,0
08:35,16,55
08:35,17,6
08:35,18,9
08:35,19,34
08:35,20,9
08:35,21,47
08:35,22,41
08:35,23,68
08:40,0,88
08:40,1,10
08:40,2,57
08:40,3,91
08:40,4,99
08:40,5,10
08:40,6,85
08:40,7,82
08:40,8,59
08:40,9,67
08:40,10,60
08:40,11,20
08:40,12,9
08:40,13,46
08:40,14,97
08:40,15,88
08:40,16,9
08:40,17,71
08:40,18,34
08:40,19,4
08:40,20,29
08:40,21,30
08:40,22,56
08:40,23,36
08:45,0,88
08:45,1,66
08:45,2,70
08:45,3,49
08:45,4,65
08:45,5,11
08:45,6,17
08:45,7,53
08:45,8,21
08:45,9,27
08:45,10,97
08:45,11,72
08:45,12,37
08:45,13,34
08:45,14,55
08:45,15,48
08:45,16,53
08:45,17,15
08:45,18,69
08:45,19,62
08:45,20,61
08:45,21,18
08:45,22,2
08:45,23,23
08:50,0,41
08:50,1,36
08:50,2,27
08:50,3,22
08:50,4,18
08:50,5,84
08:50,6,58
08:50,7,58
08:50,8,2
08:50,9,28
08:50,10,59
08:50,11,19
08:50,12,91
08:50,13,29
08:50,14,24
08:50,15,65
08:50,16,56
08:50,17,21
08:50,18,37
08:50,19,93
08:50,20,8
08:50,21,92
08:50,22,93
08:50,23,61
08:55,0,59
08:55,1,62
08:55,2,24
08:55,3,73
08:55,4,33
08:55,5,26
08:55,6,96
08:55,7,74
08:55,8,15
08:55,9,75
08:55,10,49
08:55,11,85
08:55,12,11
08:55,13,7
08:55,14,96
08:55,15,65
08:55,16,88
08:55,17,55
08:55,18,84
08:55,19,79
08:55,20,84
08:55,21,9
08:55,22,44
08:55,23,40
09:00,0,82
09:00,1,34
09:00,2,85
09:00,3,90
09:00,4,26
09:00,5,79
09:00,6,52
09:00,7,38
09:00,8,93
09:00,9,28
09:00,10,11
09:00,11,26
09:00,12,6
09:00,13,59
09:00,14,53
09:00,15,73
09:00,16,34
09:00,17,2
09:00,18,59
09:00,19,98
09:00,20,9
09:00,21,7
09:00,22,63
09:00,23,97
09:05,0,62
09:05,1,48
09:05,2,29
09:05,3,47
09:05,4,9
09:05,5,25
09:05,6,39
09:05,7,91
09:05,8,59
09:05,9,25
09:05,10,82
09:05,11,38
09:05,12,56
09:05,13,86
09:05,14,76
09:05,15,1
09:05,16,14
09:05,17,39
09:05,18,28
09:05,19,20
09:05,20,98
09:05,21,81
09:05,22,46
09:05,23,84
09:10,0,35
09:10,1,57
09:10,2,34
09:10,3,44
09:10,4,64
09:10,5,98
09:10,6,94
09:10,7,26
09:10,8,98
09:10,9,23
09:10,10,25
09:10,11,7
09:10,12,0
09:10,13,65
09:10,14,98
09:10,15,60
09:10,16,42
09:10,17,32
09:10,18,98
09:10,19,98
09:10,20,18
09:10,21,26
09:10,22,99
09:10,23,84
09:15,0,65
09:15,1,79
09:15,2,57
09:15,3,15
09:15,4,12
09:15,5,3
09:15,6,51
09:15,7,47
09:15,8,60
09:15,9,86
09:15,10,44
09:15,11,24
09:15,12,36
09:15,13,38
09:15,14,2
09:15,15,34
09:15,16,13
09:15,17,28
09:15,18,41
09:15,19,13
09:15,20,93
09:15,21,39
09:15,22,25
09:15,23,35
09:20,0,24
09:20,1,75
09:20,2,85
09:20,3,94
09:20,4,1
09:20,5,36
09:20,6,79
09:20,7,18
09:20,8,68
09:20,9,36
09:20,10,85
09:20,11,80
09:20,12,39
09:20,13,37
09:20,14,80
09:20,15,51
09:20,16,75
09:20,17,24
09:20,18,27
09:20,19,11
09:20,20,14
09:20,21,29
09:20,22,45
09:20,23,79
09:25,0,57
09:25,1,38
09:25,2,92
09:25,3,50
09:25,4,29
09:25,5,70
09:25,6,37
09:25,7,53
09:25,8,45
09:25,9,22
09:25,10,48
09:25,11,99
09:25,12,11
09:25,13,27
09:25,14,17
09:25,15,79
09:25,16,15
09:25,17,3
09:25,18,59
09:25,19,6
09:25,20,92
09:25,21,91
09:25,22,57
09:25,23,19
09:30,0,15
09:30,1,84
09:30,2,30
09:30,3,29
09:30,4,13
09:30,5,27
09:30,6,8
09:30,7,23
09:30,8,65
09:30,9,53
09:30,10,73
09:30,11,94
09:30,12,23
09:30,13,11
09:30,14,0
09:30,15,20
09:30,16,85
09:30,17,48
09:30,18,19
09:30,19,96
09:30,20,27
09:30,21,37
09:30,22,27
09:30,23,94
09:35,0,92
09:35,1,87
09:35,2,0
09:35,3,36
09:35,4,78
09:35,5,9
09:35,6,55
09:35,7,46
09:35,8,45
09:35,9,37
09:35,10,75
09:35,11,10
09:35,12,16
09:35,13,36
09:35,14,33
09:35,15,33
09:35,16,89
09:35,17,59
09:35,18,79
09:35,19,64
09:35,20,22
09:35,21,79
09:35,22,36
09:35,23,7
09:40,0,79
09:40,1,56
09:40,2,56
09:40,3,58
09:40,4,45
09:40,5,83
09:40,6,52
09:40,7,89
09:40,8,22
09:40,9,4
09:40,10,25
09:40,11,53
09:40,12,13
09:40,13,32
09:40,14,99
09:40,15,10
09:40,16,21
09:40,17,26
09:40,18,21
09:40,19,37
09:40,20,14
09:40,21,6
09:40,22,70
09:40,23,3
09:45,0,65
09:45,1,1
09:45,2,19
09:45,3,87
09:45,4,33
09:45,5,56
09:45,6,95
09:45,7,12
09:45,8,64
09:45,9,3
09:45,10,23
09:45,11,9
09:45,12,86
09:45,13,75
09:45,14,98
09:45,15,61
09:45,16,80
09:45,17,75
09:45,18,14
09:45,19,45
09:45,20,59
09:45,21,65
09:45,22,56
09:45,23,80
09:50,0,91
09:50,1,77
09:50,2,17
09:50,3,58
09:50,4,83
09:50,5,39
09:50,6,61
09:50,7,1
09:50,8,40
09:50,9,33
09:50,10,88
09:50,11,25
09:50,12,41
09:50,13,35
09:50,14,38
09:50,15,5
09:50,16,38
09:50,17,61
09:50,18,66
09:50,19,77
09:50,20,88
09:50,21,16
09:50,22,38
09:50,23,68
09:55,0,43
09:55,1,4
09:55,2,66
09:55,3,2
09:55,4,69
09:55,5,22
09:55,6,82
09:55,7,12
09:55,8,51
09:55,9,99
09:55,10,70
09:55,11,86
09:55,12,90
09:55,13,84
09:55,14,87
09:55,15,82
09:55,16,69
09:55,17,28
09:55,18,8
09:55,19,10
09:55,20,63
09:55,21,98
09:55,22,67
09:55,23,54
10:00,0,59
10:00,1,33
10:00,2,83
10:00,3,99
10:00,4,1
10:00,5,73
10:00,6,68
10:00,7,44
10:00,8,77
10:00,9,34
10:00,10,46
10:00,11,98
10:00,12,8
10:00,13,28
10:00,14,62
10:00,15,59
10:00,16,79
10:00,17,85
10:00,18,97
10:00,19,21
10:00,20,69
10:00,21,85
10:00,22,3
10:00,23,90
10:05,0,65
10:05,1,11
10:05,2,0
10:05,3,80
10:05,4,61
10:05,5,19
10:05,6,86
10:05,7,20
10:05,8,4
10:05,9,69
10:05,10,72
10:05,11,5
10:05,12,94
10:05,13,40
10:05,14,1
10:05,15,23
10:05,16,26
10:05,17,47
10:05,18,21
10:05,19,86
10:05,20,27
10:05,21,36
10:05,22,97
10:05,23,58
10:10,0,21
10:10,1,94
10:10,2,79
10:10,3,42
10:10,4,31
10:10,5,34
10:10,6,32
10:10,7,96
10:10,8,98
10:10,9,84
10:10,10,77
10:10,11,59
10:10,12,3
10:10,13,15
10:10,14,32
10:10,15,59
10:10,16,85
10:10,17,4
10:10,18,16
10:10,19,31
10:10,20,96
10:10,21,17
10:10,22,55
10:10,23,74
10:15,0,16
10:15,1,76
10:15,2,60
10:15,3,95
10:15,4,64
10:15,5,57
10:15,6,53
10:15,7,85
10:15,8,3
10:15,9,84
10:15,10,27
10:15,11,35
10:15,12,18
10:15,13,59
10:15,14,83
10:15,15,16
10:15,16,95
10:15,17,12
10:15,18,76
10:15,19,50
10:15,20,28
10:15,21,8
10:15,22,9
10:15,23,65
10:20,0,12
10:20,1,25
10:20,2,96
10:20,3,60
10:20,4,42
10:20,5,51
10:20,6,34
10:20,7,10
10:20,8,80
10:20,9,94
10:20,10,5
10:20,11,44
10:20,12,3
10:20,13,58
10:20,14,82
10:20,15,58
10:20,16,94
10:20,17,9
10:20,18,45
10:20,19,13
10:20,20,21
10:20,21,29
10:20,22,29
10:20,23,16
10:25,0,93
10:25,1,5
10:25,2,19
10:25,3,21
10:25,4,65
10:25,5,28
10:25,6,38
10:25,7,29
10:25,8,54
10:25,9,35
10:25,10,89
10:25,11,48
10:25,12,38
10:25,13,75
10:25,14,11
10:25,15,18
10:25,16,21
10:25,17,16
10:25,18,15
10:25,19,24
10:25,20,27
10:25,21,97
10:25,22,83
10:25,23,21
10:30,0,58
10:30,1,28
10:30,2,34
10:30,3,31
10:30,4,9
10:30,5,16
10:30,6,0
10:30,7,3
10:30,8,73
10:30,9,19
10:30,10,76
10:30,11,39
10:30,12,47
10:30,13,15
10:30,14,20
10:30,15,53
10:30,16,2
10:30,17,62
10:30,18,54
10:30,19,92
10:30,20,37
10:30,21,65
10:30,22,11
10:30,23,59
10:35,0,33
10:35,1,78
10:35,2,83
10:35,3,60
10:35,4,27
10:35,5,18
10:35,6,34
10:35,7,85
10:35,8,99
10:35,9,68
10:35,10,17
10:35,11,60
10:35,12,84
10:35,13,17
10:35,14,15
10:35,15,58
10:35,16,88
10:35,17,92
10:35,18,49
10:35,19,35
10:35,20,59
10:35,21,69
10:35,22,41
10:35,23,13
10:40,0,31
10:40,1,95
10:40,2,5
10:40,3,21
10:40,4,12
10:40,5,68
10:40,6,80
10:40,7,45
10:40,8,46
10:40,9,15
10:40,10,58
10:40,11,25
10:40,12,86
10:40,13,92
10:40,14,11
10:40,15,85
10:40,16,12
10:40,17,80
10:40,18,97
10:40,19,49
10:40,20,49
10:40,21,13
10:40,22,7
10:40,23,37
10:45,0,5
10:45,1,8
10:45,2,24
10:45,3,16
10:45,4,29
10:45,5,65
10:45,6,29
10:45,7,13
10:45,8,12
10:45,9,34
10:45,10,34
10:45,11,76
10:45,12,3
10:45,13,14
10:45,14,74
10:45,15,1
10:45,16,29
10:45,17,32
10:45,18,27
10:45,19,15
10:45,20,24
10:45,21,90
10:45,22,52
10:45,23,88
10:50,0,70
10:50,1,50
10:50,2,37
10:50,3,71
10:50,4,15
10:50,5,96
10:50,6,8
10:50,7,72
10:50,8,4
10:50,9,32
10:50,10,88
10:50,11,34
10:50,12,50
10:50,13,69
10:50,14,47
10:50,15,62
10:50,16,3
10:50,17,33
10:50,18,39
10:50,19,58
10:50,20,47
10:50,21,13
10:50,22,12
10:50,23,76
10:55,0,97
10:55,1,39
10:55,2,44
10:55,3,73
10:55,4,81
10:55,5,96
10:55,6,61
10:55,7,51
10:55,8,98
10:55,9,99
10:55,10,22
10:55,11,13
10:55,12,47
10:55,13,82
10:55,14,85
10:55,15,52
10:55,16,14
10:55,17,25
10:55,18,38
10:55,19,64
10:55,20,94
10:55,21,37
10:55,22,79
10:55,23,50
11:00,0,70
11:00,1,70
11:00,2,8
11:00,3,69
11:00,4,83
11:00,5,72
11:00,6,45
11:00,7,32
11:00,8,63
11:00,9,41
11:00,10,5
11:00,11,44
11:00,12,90
11:00,13,66
11:00,14,47
11:00,15,88
11:00,16,17
11:00,17,69
11:00,18,54
11:00,19,65
11:00,20,3
11:00,21,91
11:00,22,69
11:00,23,18
11:05,0,17
11:05,1,59
11:05,2,34
11:05,3,11
11:05,4,48
11:05,5,13
11:05,6,61
11:05,7,70
11:05,8,83
11:05,9,22
11:05,10,39
11:05,11,18
11:05,12,46
11:05,13,36
11:05,14,2
11:05,15,10
11:05,16,78
11:05,17,7
11:05,18,54
11:05,19,68
11:05,20,26
11:05,21,2
11:05,22,8
11:05,23,95
11:10,0,23
11:10,1,62
11:10,2,12
11:10,3,27
11:10,4,54
11:10,5,33
11:10,6,97
11:10,7,71
11:10,8,92
11:10,9,31
11:10,10,34
11:10,11,40
11:10,12,97
11:10,13,48
11:10,14,62
11:10,15,32
11:10,16,22
11:10,17,1
11:10,18,3
11:10,19,68
11:10,20,38
11:10,21,5
11:10,22,78
11:10,23,68
11:15,0,65
11:15,1,85
11:15,2,36
11:15,3,91
11:15,4,87
11:15,5,96
11:15,6,86
11:15,7,10
11:15,8,59
11:15,9,51
11:15,10,89
11:15,11,65
11:15,12,84
11:15,13,86
11:15,14,88
11:15,15,77
11:15,16,18
11:15,17,22
11:15,18,69
11:15,19,67
11:15,20,22
11:15,21,32
11:15,22,99
11:15,23,44
11:20,0,85
11:20,1,2
11:20,2,65
11:20,3,23
11:20,4,60
11:20,5,95
11:20,6,43
11:20,7,25
11:20,8,80
11:20,9,31
11:20,10,68
11:20,11,67
11:20,12,28
11:20,13,54
11:20,14,30
11:20,15,39
11:20,16,57
11:20,17,19
11:20,18,4
11:20,19,42
11:20,20,6
11:20,21,92
11:20,22,71
11:20,23,76
11:25,0,66
11:25,1,40
11:25,2,43
11:25,3,89
11:25,4,24
11:25,5,94
11:25,6,85
11:25,7,10
11:25,8,49
11:25,9,2
11:25,10,85
11:25,11,9
11:25,12,98
11:25,13,29
11:25,14,86
11:25,15,78
11:25,16,60
11:25,17,54
11:25,18,98
11:25,19,40
11:25,20,60
11:25,21,80
11:25,22,79
11:25,23,18
11:30,0,51
11:30,1,83
11:30,2,60
11:30,3,9
11:30,4,27
11:30,5,31
11:30,6,85
11:30,7,46
11:30,8,23
11:30,9,80
11:30,10,87
11:30,11,48
11:30,12,27
11:30,13,72
11:30,14,10
11:30,15,76
11:30,16,27
11:30,17,47
11:30,18,37
11:30,19,25
11:30,20,28
11:30,21,23
11:30,22,55
11:30,23,41
11:35,0,29
11:35,1,5
11:35,2,81
11:35,3,89
11:35,4,85
11:35,5,61
11:35,6,59
11:35,7,37
11:35,8,96
11:35,9,71
11:35,10,46
11:35,11,76
11:35,12,54
11:35,13,84
11:35,14,22
11:35,15,78
11:35,16,16
11:35,17,9
11:35,18,78
11:35,19,43
11:35,20,33
11:35,21,40
11:35,22,19
11:35,23,60
11:40,0,87
11:40,1,8
11:40,2,85
11:40,3,16
11:40,4,83
11:40,5,93
11:40,6,57
11:40,7,12
11:40,8,98
11:40,9,38
11:40,10,54
11:40,11,36
11:40,12,51
11:40,13,13
11:40,14,73
11:40,15,0
11:40,16,37
11:40,17,71
11:40,18,76
11:40,19,91
11:40,20,7
11:40,21,98
11:40,22,21
11:40,23,24
11:45,0,7
11:45,1,99
11:45,2,67
11:45,3,40
11:45,4,39
11:45,5,39
11:45,6,53
11:45,7,79
11:45,8,99
11:45,9,38
11:45,10,95
11:45,11,83
11:45,12,83
11:45,13,4
11:45,14,47
11:45,15,82
11:45,16,94
11:45,17,1
11:45,18,18
11:45,19,98
11:45,20,67
11:45,21,43
11:45,22,98
11:45,23,4
11:50,0,66
11:50,1,74
11:50,2,47
11:50,3,26
11:50,4,24
11:50,5,69
11:50,6,50
11:50,7,83
11:50,8,68
11:50,9,69
11:50,10,75
11:50,11,60
11:50,12,60
11:50,13,28
11:50,14,91
11:50,15,60
11:50,16,19
11:50,17,38
11:50,18,95
11:50,19,2
11:50,20,42
11:50,21,42
11:50,22,36
11:50,23,88
11:55,0,44
11:55,1,54
11:55,2,86
11:55,3,63
11:55,4,49
11:55,5,84
11:55,6,19
11:55,7,68
11:55,8,10
11:55,9,66
11:55,10,94
11:55,11,86
11:55,12,35
11:55,13,96
11:55,14,69
11:55,15,56
11:55,16,65
11:55,17,97
11:55,18,68
11:55,19,78
11:55,20,25
11:55,21,59
11:55,22,90
11:55,23,96
12:00,0,49
12:00,1,85
12:00,2,51
12:00,3,43
12:00,4,27
12:00,5,87
12:00,6,31
12:00,7,23
12:00,8,94
12:00,9,18
12:00,10,86
12:00,11,43
12:00,12,54
12:00,13,5
12:00,14,11
12:00,15,17
12:00,16,72
12:00,17,57
12:00,18,3
12:00,19,59
12:00,20,53
12:00,21,25
12:00,22,15
12:00,23,71
12:05,0,74
12:05,1,35
12:05,2,49
12:05,3,51
12:05,4,46
12:05,5,39
12:05,6,48
12:05,7,95
12:05,8,76
12:05,9,99
12:05,10,38
12:05,11,3
12:05,12,86
12:05,13,70
12:05,14,27
12:05,15,32
12:05,16,40
12:05,17,65
12:05,18,76
12:05,19,46
12:05,20,71
12:05,21,39
12:05,22,15
12:05,23,95
12:10,0,49
12:10,1,71
12:10,2,6
12:10,3,2
12:10,4,96
12:10,5,74
12:10,6,73
12:10,7,22
12:10,8,9
12:10,9,74
12:10,10,73
12:10,11,56
12:10,12,65
12:10,13,21
12:10,14,3
12:10,15,41
12:10,16,72
12:10,17,42
12:10,18,97
12:10,19,59
12:10,20,64
12:10,21,24
12:10,22,43
12:10,23,56
12:15,0,89
12:15,1,19
12:15,2,2
12:15,3,12
12:15,4,11
12:15,5,18
12:15,6,7
12:15,7,60
12:15,8,89
12:15,9,14
12:15,10,14
12:15,11,37
12:15,12,88
12:15,13,88
12:15,14,59
12:15,15,49
12:15,16,14
12:15,17,32
12:15,18,57
12:15,19,80
12:15,20,6
12:15,21,61
12:15,22,73
12:15,23,78
12:20,0,3
12:20,1,70
12:20,2,89
12:20,3,19
12:20,4,46
12:20,5,33
12:20,6,75
12:20,7,36
12:20,8,4
12:20,9,77
12:20,10,0
12:20,11,15
12:20,12,47
12:20,13,8
12:20,14,27
12:20,15,88
12:20,16,74
12:20,17,42
12:20,18,77
12:20,19,14
12:20,20,82
12:20,21,36
12:20,22,15
12:20,23,96
12:25,0,21
12:25,1,73
12:25,2,28
12:25,3,27
12:25,4,34
12:25,5,54
12:25,6,57
12:25,7,89
12:25,8,24
12:25,9,47
12:25,10,8
12:25,11,71
12:25,12,80
12:25,13,35
12:25,14,59
12:25,15,84
12:25,16,64
12:25,17,59
12:25,18,52
12:25,19,12
12:25,20,19
12:25,21,79
12:25,22,52
12:25,23,45
12:30,0,73
12:30,1,30
12:30,2,11
12:30,3,55
12:30,4,66
12:30,5,27
12:30,6,4
12:30,7,39
12:30,8,0
12:30,9,32
12:30,10,18
12:30,11,86
12:30,12,86
12:30,13,76
12:30,14,75
12:30,15,63
12:30,16,23
12:30,17,35
12:30,18,86
12:30,19,55
12:30,20,70
12:30,21,45
12:30,22,91
12:30,23,34
12:35,0,56
12:35,1,95
12:35,2,98
12:35,3,28
12:35,4,27
12:35,5,51
12:35,6,25
12:35,7,0
12:35,8,81
12:35,9,37
12:35,10,8
12:35,11,99
12:35,12,16
12:35,13,12
12:35,14,39
12:35,15,68
12:35,16,44
12:35,17,57
12:35,18,6
12:35,19,83
12:35,20,33
12:35,21,81
12:35,22,46
12:35,23,8
12:40,0,68
12:40,1,32
12:40,2,15
12:40,3,90
12:40,4,29
12:40,5,7
12:40,6,24
12:40,7,37
12:40,8,2
12:40,9,23
12:40,10,17
12:40,11,29
12:40,12,26
12:40,13,43
12:40,14,82
12:40,15,7
12:40,16,32
12:40,17,90
12:40,18,6
12:40,19,0
12:40,20,2
12:40,21,97
12:40,22,20
12:40,23,98
12:45,0,55
12:45,1,26
12:45,2,81
12:45,3,40
12:45,4,7
12:45,5,79
12:45,6,49
12:45,7,27
12:45,8,63
12:45,9,64
12:45,10,17
12:45,11,44
12:45,12,23
12:45,13,93
12:45,14,82
12:45,15,78
12:45,16,68
12:45,17,99
12:45,18,59
12:45,19,94
12:45,20,94
12:45,21,41
12:45,22,1
12:45,23,78
12:50,0,31
12:50,1,60
12:50,2,78
12:50,3,85
12:50,4,57
12:50,5,98
12:50,6,36
12:50,7,12
12:50,8,76
12:50,9,69
12:50,10,5
12:50,11,35
12:50,12,49
12:50,13,54
12:50,14,62
12:50,15,64
12:50,16,70
12:50,17,31
12:50,18,9
12:50,19,46
12:50,20,25
12:50,21,91
12:50,22,24
12:50,23,93
12:55,0,42
12:55,1,83
12:55,2,88
12:55,3,89
12:55,4,25
12:55,5,41
12:55,6,19
12:55,7,8
12:55,8,1
12:55,9,50
12:55,10,46
12:55,11,11
12:55,12,0
12:55,13,82
12:55,14,75
12:55,15,77
12:55,16,51
12:55,17,80
12:55,18,12
12:55,19,52
12:55,20,86
12:55,21,75
12:55,22,17
12:55,23,9
13:00,0,6
13:00,1,26
13:00,2,55
13:00,3,83
13:00,4,69
13:00,5,79
13:00,6,77
13:00,7,63
13:00,8,14
13:00,9,17
13:00,10,52
13:00,11,39
13:00,12,58
13:00,13,72
13:00,14,0
13:00,15,12
13:00,16,74
13:00,17,46
13:00,18,75
13:00,19,74
13:00,20,80
13:00,21,50
13:00,22,51
13:00,23,31
13:05,0,31
13:05,1,16
13:05,2,84
13:05,3,69
13:05,4,91
13:05,5,1
13:05,6,78
13:05,7,49
13:05,8,79
13:05,9,85
13:05,10,33
13:05,11,48
13:05,12,16
13:05,13,62
13:05,14,11
13:05,15,31
13:05,16,79
13:05,17,16
13:05,18,22
13:05,19,89
13:05,20,40
13:05,21,22
13:05,22,1
13:05,23,14
13:10,0,20
13:10,1,76
13:10,2,88
13:10,3,0
13:10,4,79
13:10,5,92
13:10,6,84
13:10,7,62
13:10,8,8
13:10,9,68
13:10,10,31
13:10,11,51
13:10,12,21
13:10,13,62
13:10,14,0
13:10,15,0
13:10,16,47
13:10,17,85
13:10,18,0
13:10,19,64
13:10,20,47
13:10,21,11
13:10,22,95
13:10,23,78
13:15,0,27
13:15,1,17
13:15,2,68
13:15,3,67
13:15,4,92
13:15,5,21
13:15,6,33
13:15,7,12
13:15,8,98
13:15,9,74
13:15,10,65
13:15,11,29
13:15,12,66
13:15,13,49
13:15,14,91
13:15,15,26
13:15,16,69
13:15,17,22
13:15,18,77
13:15,19,42
13:15,20,36
13:15,21,29
13:15,22,94
13:15,23,84
13:20,0,67
13:20,1,94
13:20,2,0
13:20,3,14
13:20,4,5
13:20,5,95
13:20,6,45
13:20,7,85
13:20,8,64
13:20,9,13
13:20,10,4
13:20,11,56
13:20,12,34
13:20,13,38
13:20,14,21
13:20,15,84
13:20,16,12
13:20,17,38
13:20,18,13
13:20,19,30
13:20,20,87
13:20,21,4
13:20,22,56
13:20,23,8
13:25,0,79
13:25,1,33
13:25,2,50
13:25,3,15
13:25,4,14
13:25,5,44
13:25,6,51
13:25,7,81
13:25,8,38
13:25,9,51
13:25,10,48
13:25,11,95
13:25,12,98
13:25,13,93
13:25,14,32
13:25,15,63
13:25,16,6
13:25,17,37
13:25,18,71
13:25,19,92
13:25,20,27
13:25,21,44
13:25,22,77
13:25,23,91
13:30,0,82
13:30,1,42
13:30,2,21
13:30,3,21
13:30,4,99
13:30,5,29
13:30,6,29
13:30,7,78
13:30,8,14
13:30,9,79
13:30,10,45
13:30,11,28
13:30,12,75
13:30,13,97
13:30,14,10
13:30,15,65
13:30,16,0
13:30,17,58
13:30,18,13
13:30,19,99
13:30,20,51
13:30,21,45
13:30,22,14
13:30,23,9
13:35,0,34
13:35,1,37
13:35,2,1
13:35,3,13
13:35,4,82
13:35,5,78
13:35,6,4
13:35,7,16
13:35,8,73
13:35,9,77
13:35,10,38
13:35,11,72
13:35,12,6
13:35,13,67
13:35,14,2
13:35,15,20
13:35,16,99
13:35,17,47
13:35,18,1
13:35,19,74
13:35,20,96
13:35,21,11
13:35,22,40
13:35,23,97
13:40,0,21
13:40,1,5
13:40,2,48
13:40,3,24
13:40,4,50
13:40,5,62
13:40,6,33
13:40,7,85
13:40,8,51
13:40,9,86
13:40,10,98
13:40,11,33
13:40,12,17
13:40,13,55
13:40,14,2
13:40,15,90
13:40,16,32
13:40,17,40
13:40,18,62
13:40,19,91
13:40,20,59
13:40,21,64
13:40,22,11
13:40,23,58
13:45,0,63
13:45,1,64
13:45,2,85
13:45,3,12
13:45,4,75
13:45,5,77
13:45,6,61
13:45,7,48
13:45,8,82
13:45,9,9
13:45,10,72
13:45,11,32
13:45,12,23
13:45,13,57
13:45,14,69
13:45,15,74
13:45,16,96
13:45,17,20
13:45,18,60
13:45,19,13
13:45,20,75
13:45,21,62
13:45,22,55
13:45,23,59
13:50,0,2
13:50,1,69
13:50,2,50
13:50,3,61
13:50,4,33
13:50,5,14
13:50,6,72
13:50,7,48
13:50,8,78
13:50,9,9
13:50,10,60
13:50,11,6
13:50,12,86
13:50,13,21
13:50,14,54
13:50,15,20
13:50,16,82
13:50,17,79
13:50,18,4
13:50,19,5
13:50,20,88
13:50,21,74
13:50,22,80
13:50,23,84
13:55,0,46
13:55,1,92
13:55,2,49
13:55,3,73
13:55,4,54
13:55,5,56
13:55,6,32
13:55,7,8
13:55,8,25
13:55,9,35
13:55,10,21
13:55,11,10
13:55,12,49
13:55,13,93
13:55,14,59
13:55,15,79
13:55,16,54
13:55,17,19
13:55,18,85
13:55,19,40
13:55,20,93
13:55,21,92
13:55,22,12
13:55,23,75
14:00,0,71
14:00,1,17
14:00,2,81
14:00,3,11
14:00,4,91
14:00,5,13
14:00,6,48
14:00,7,89
14:00,8,5
14:00,9,97
14:00,10,62
14:00,11,11
14:00,12,54
14:00,13,46
14:00,14,19
14:00,15,31
14:00,16,81
14:00,17,40
14:00,18,42
14:00,19,82
14:00,20,86
14:00,21,1
14:00,22,62
14:00,23,92
14:05,0,72
14:05,1,47
14:05,2,33
14:05,3,65
14:05,4,39
14:05,5,45
14:05,6,41
14:05,7,62
14:05,8,14
14:05,9,74
14:05,10,26
14:05,11,57
14:05,12,39
14:05,13,74
14:05,14,46
14:05,15,96
14:05,16,23
14:05,17,8
14:05,18,7
14:05,19,29
14:05,20,7
14:05,21,78
14:05,22,61
14:05,23,88
14:10,0,70
14:10,1,3
14:10,2,71
14:10,3,8
14:10,4,56
14:10,5,33
14:10,6,1
14:10,7,28
14:10,8,32
14:10,9,86
14:10,10,46
14:10,11,24
14:10,12,31
14:10,13,39
14:10,14,38
14:10,15,46
14:10,16,13
14:10,17,64
14:10,18,3
14:10,19,52
14:10,20,38
14:10,21,2
14:10,22,48
14:10,23,62
14:15,0,62
14:15,1,7
14:15,2,91
14:15,3,69
14:15,4,85
14:15,5,4
14:15,6,58
14:15,7,55
14:15,8,59
14:15,9,81
14:15,10,64
14:15,11,15
14:15,12,66
14:15,13,65
14:15,14,96
14:15,15,98
14:15,16,51
14:15,17,42
14:15,18,22
14:15,19,34
14:15,20,81
14:15,21,61
14:15,22,32
14:15,23,46
14:20,0,77
14:20,1,88
14:20,2,50
14:20,3,16
14:20,4,42
14:20,5,50
14:20,6,30
14:20,7,4
14:20,8,57
14:20,9,73
14:20,10,74
14:20,11,42
14:20,12,78
14:20,13,84
14:20,14,49
14:20,15,37
14:20,16,17
14:20,17,65
14:20,18,5
14:20,19,83
14:20,20,30
14:20,21,1
14:20,22,81
14:20,23,33
14:25,0,95
14:25,1,56
14:25,2,20
14:25,3,28
14:25,4,69
14:25,5,52
14:25,6,74
14:25,7,46
14:25,8,92
14:25,9,76
14:25,10,14
14:25,11,34
14:25,12,26
14:25,13,44
14:25,14,39
14:25,15,35
14:25,16,18
14:25,17,65
14:25,18,77
14:25,19,48
14:25,20,1
14:25,21,78
14:25,22,37
14:25,23,18
14:30,0,44
14:30,1,42
14:30,2,1
14:30,3,26
14:30,4,95
14:30,5,34
14:30,6,60
14:30,7,90
14:30,8,42
14:30,9,80
14:30,10,18
14:30,11,63
14:30,12,84
14:30,13,44
14:30,14,10
14:30,15,29
14:30,16,20
14:30,17,24
14:30,18,63
14:30,19,98
14:30,20,21
14:30,21,54
14:30,22,33
14:30,23,39
14:35,0,71
14:35,1,62
14:35,2,39
14:35,3,72
14:35,4,41
14:35,5,76
14:35,6,42
14:35,7,85
14:35,8,71
14:35,9,95
14:35,10,11
14:35,11,66
14:35,12,30
14:35,13,23
14:35,14,57
14:35,15,24
14:35,16,55
14:35,17,27
14:35,18,88
14:35,19,92
14:35,20,72
14:35,21,50
14:35,22,21
14:35,23,92
14:40,0,74
14:40,1,84
14:40,2,91
14:40,3,47
14:40,4,91
14:40,5,76
14:40,6,38
14:40,7,62
14:40,8,39
14:40,9,77
14:40,10,35
14:40,11,80
14:40,12,6
14:40,13,77
14:40,14,17
14:40,15,77
14:40,16,73
14:40,17,80
14:40,18,43
14:40,19,55
14:40,20,4
14:40,21,0
14:40,22,31
14:40,23,11
14:45,0,28
14:45,1,71
14:45,2,3
14:45,3,52
14:45,4,21
14:45,5,24
14:45,6,96
14:45,7,48
14:45,8,61
14:45,9,39
14:45,10,95
14:45,11,52
14:45,12,16
14:45,13,34
14:45,14,14
14:45,15,55
14:45,16,11
14:45,17,1
14:45,18,35
14:45,19,69
14:45,20,31
14:45,21,4
14:45,22,46
14:45,23,56
14:50,0,84
14:50,1,90
14:50,2,63
14:50,3,40
14:50,4,42
14:50,5,46
14:50,6,52
14:50,7,70
14:50,8,18
14:50,9,7
14:50,10,74
14:50,11,39
14:50,12,84
14:50,13,71
14:50,14,87
14:50,15,45
14:50,16,10
14:50,17,83
14:50,18,49
14:50,19,26
14:50,20,69
14:50,21,15
14:50,22,81
14:50,23,32
14:55,0,17
14:55,1,68
14:55,2,2
14:55,3,0
14:55,4,72
14:55,5,48
14:55,6,8
14:55,7,9
14:55,8,38
14:55,9,71
14:55,10,49
14:55,11,33
14:55,12,17
14:55,13,53
14:55,14,55
14:55,15,35
14:55,16,13
14:55,17,30
14:55,18,75
14:55,19,97
14:55,20,1
14:55,21,14
14:55,22,42
14:55,23,11
15:00,0,49
15:00,1,43
15:00,2,38
15:00,3,18
15:00,4,58
15:00,5,71
15:00,6,51
15:00,7,75
15:00,8,92
15:00,9,5
15:00,10,27
15:00,11,64
15:00,12,53
15:00,13,35
15:00,14,25
15:00,15,44
15:00,16,6
15:00,17,27
15:00,18,77
15:00,19,76
15:00,20,32
15:00,21,32
15:00,22,63
15:00,23,45
15:05,0,62
15:05,1,90
15:05,2,42
15:05,3,15
15:05,4,5
15:05,5,36
15:05,6,27
15:05,7,54
15:05,8,79
15:05,9,17
15:05,10,25
15:05,11,38
15:05,12,88
15:05,13,76
15:05,14,65
15:05,15,80
15:05,16,33
15:05,17,45
15:05,18,97
15:05,19,86
15:05,20,80
15:05,21,22
15:05,22,82
15:05,23,39
15:10,0,1
15:10,1,59
15:10,2,67
15:10,3,34
15:10,4,44
15:10,5,30
15:10,6,79
15:10,7,6
15:10,8,21
15:10,9,74
15:10,10,22
15:10,11,26
15:10,12,62
15:10,13,1
15:10,14,32
15:10,15,94
15:10,16,18
15:10,17,57
15:10,18,32
15:10,19,58
15:10,20,85
15:10,21,49
15:10,22,91
15:10,23,18
15:15,0,94
15:15,1,40
15:15,2,57
15:15,3,27
15:15,4,14
15:15,5,39
15:15,6,18
15:15,7,16
15:15,8,99
15:15,9,85
15:15,10,50
15:15,11,43
15:15,12,15
15:15,13,81
15:15,14,1
15:15,15,36
15:15,16,55
15:15,17,75
15:15,18,14
15:15,19,70
15:15,20,76
15:15,21,99
15:15,22,64
15:15,23,46
15:20,0,8
15:20,1,48
15:20,2,57
15:20,3,94
15:20,4,49
15:20,5,48
15:20,6,64
15:20,7,96
15:20,8,40
15:20,9,21
15:20,10,23
15:20,11,54
15:20,12,13
15:20,13,41
15:20,14,70
15:20,15,64
15:20,16,26
15:20,17,72
15:20,18,59
15:20,19,93
15:20,20,6
15:20,21,60
15:20,22,82
15:20,23,13
15:25,0,88
15:25,1,48
15:25,2,83
15:25,3,64
15:25,4,47
15:25,5,47
15:25,6,63
15:25,7,56
15:25,8,47
15:25,9,20
15:25,10,2
15:25,11,97
15:25,12,68
15:25,13,18
15:25,14,93
15:25,15,8
15:25,16,40
15:25,17,16
15:25,18,14
15:25,19,5
15:25,20,9
15:25,21,37
15:25,22,69
15:25,23,87
15:30,0,9
15:30,1,28
15:30,2,80
15:30,3,15
15:30,4,40
15:30,5,14
15:30,6,29
15:30,7,28
15:30,8,63
15:30,9,64
15:30,10,45
15:30,11,10
15:30,12,12
15:30,13,8
15:30,14,18
15:30,15,11
15:30,16,28
15:30,17,72
15:30,18,8
15:30,19,48
15:30,20,91
15:30,21,1
15:30,22,8
15:30,23,83
15:35,0,69
15:35,1,22
15:35,2,88
15:35,3,30
15:35,4,59
15:35,5,9
15:35,6,17
15:35,7,21
15:35,8,37
15:35,9,50
15:35,10,88
15:35,11,29
15:35,12,64
15:35,13,69
15:35,14,10
15:35,15,79
15:35,16,86
15:35,17,55
15:35,18,42
15:35,19,50
15:35,20,15
15:35,21,60
15:35,22,61
15:35,23,43
15:40,0,85
15:40,1,70
15:40,2,43
15:40,3,76
15:40,4,23
15:40,5,51
15:40,6,59
15:40,7,93
15:40,8,25
15:40,9,99
15:40,10,23
15:40,11,37
15:40,12,8
15:40,13,93
15:40,14,10
15:40,15,97
15:40,16,95
15:40,17,98
15:40,18,26
15:40,19,59
15:40,20,20
15:40,21,36
15:40,22,91
15:40,23,58
15:45,0,43
15:45,1,33
15:45,2,8
15:45,3,58
15:45,4,45
15:45,5,69
15:45,6,53
15:45,7,30
15:45,8,91
15:45,9,96
15:45,10,6
15:45,11,15
15:45,12,47
15:45,13,17
15:45,14,8
15:45,15,73
15:45,16,16
15:45,17,83
15:45,18,10
15:45,19,76
15:45,20,28
15:45,21,20
15:45,22,73
15:45,23,23
15:50,0,70
15:50,1,52
15:50,2,35
15:50,3,42
15:50,4,40
15:50,5,26
15:50,6,0
15:50,7,84
15:50,8,59
15:50,9,8
15:50,10,94
15:50,11,4
15:50,12,30
15:50,13,48
15:50,14,87
15:50,15,21
15:50,16,44
15:50,17,93
15:50,18,36
15:50,19,44
15:50,20,63
15:50,21,96
15:50,22,17
15:50,23,79
15:55,0,32
15:55,1,79
15:55,2,8
15:55,3,60
15:55,4,51
15:55,5,81
15:55,6,84
15:55,7,73
15:55,8,85
15:55,9,19
15:55,10,16
15:55,11,26
15:55,12,97
15:55,13,68
15:55,14,10
15:55,15,8
15:55,16,29
15:55,17,56
15:55,18,12
15:55,19,59
15:55,20,4
15:55,21,51
15:55,22,32
15:55,23,49
16:00,0,97
16:00,1,69
16:00,2,93
16:00,3,60
16:00,4,65
16:00,5,62
16:00,6,91
16:00,7,97
16:00,8,93
16:00,9,99
16:00,10,10
16:00,11,44
16:00,12,81
16:00,13,94
16:00,14,17
16:00,15,66
16:00,16,65
16:00,17,85
16:00,18,44
16:00,19,14
16:00,20,6
16:00,21,6
16:00,22,22
16:00,23,35
16:05,0,63
16:05,1,86
16:05,2,94
16:05,3,67
16:05,4,38
16:05,5,26
16:05,6,68
16:05,7,35
16:05,8,47
16:05,9,13
16:05,10,95
16:05,11,65
16:05,12,27
16:05,13,86
16:05,14,14
16:05,15,20
16:05,16,38
16:05,17,24
16:05,18,16
16:05,19,71
16:05,20,70
16:05,21,86
16:05,22,89
16:05,23,35
16:10,0,23
16:10,1,34
16:10,2,1
16:10,3,29
16:10,4,40
16:10,5,23
16:10,6,64
16:10,7,3
16:10,8,10
16:10,9,10
16:10,10,23
16:10,11,48
16:10,12,89
16:10,13,43
16:10,14,35
16:10,15,36
16:10,16,57
16:10,17,30
16:10,18,1
16:10,19,36
16:10,20,68
16:10,21,68
16:10,22,57
16:10,23,6
16:15,0,92
16:15,1,25
16:15,2,77
16:15,3,63
16:15,4,11
16:15,5,67
16:15,6,50
16:15,7,35
16:15,8,53
16:15,9,52
16:15,10,64
16:15,11,93
16:15,12,75
16:15,13,81
16:15,14,49
16:15,15,37
16:15,16,91
16:15,17,24
16:15,18,37
16:15,19,80
16:15,20,67
16:15,21,72
16:15,22,17
16:15,23,76
16:20,0,2
16:20,1,70
16:20,2,13
16:20,3,23
16:20,4,38
16:20,5,22
16:20,6,81
16:20,7,83
16:20,8,47
16:20,9,11
16:20,10,46
16:20,11,11
16:20,12,30
16:20,13,48
16:20,14,46
16:20,15,83
16:20,16,52
16:20,17,62
16:20,18,28
16:20,19,28
16:20,20,43
16:20,21,29
16:20,22,17
16:20,23,35
16:25,0,53
16:25,1,55
16:25,2,67
16:25,3,73
16:25,4,27
16:25,5,36
16:25,6,49
16:25,7,82
16:25,8,7
16:25,9,14
16:25,10,5
16:25,11,97
16:25,12,88
16:25,13,38
16:25,14,80
16:25,15,36
16:25,16,49
16:25,17,78
16:25,18,47
16:25,19,79
16:25,20,79
16:25,21,45
16:25,22,14
16:25,23,31
16:30,0,7
16:30,1,43
16:30,2,11
16:30,3,3
16:30,4,72
16:30,5,29
16:30,6,90
16:30,7,78
16:30,8,84
16:30,9,57
16:30,10,51
16:30,11,11
16:30,12,94
16:30,13,52
16:30,14,45
16:30,15,53
16:30,16,19
16:30,17,2
16:30,18,2
16:30,19,7
16:30,20,41
16:30,21,35
16:30,22,95
16:30,23,42
16:35,0,13
16:35,1,42
16:35,2,74
16:35,3,92
16:35,4,39
16:35,5,88
16:35,6,76
16:35,7,99
16:35,8,83
16:35,9,87
16:35,10,2
16:35,11,56
16:35,12,16
16:35,13,44
16:35,14,34
16:35,15,0
16:35,16,53
16:35,17,37
16:35,18,64
16:35,19,47
16:35,20,41
16:35,21,9
16:35,22,52
16:35,23,60
16:40,0,64
16:40,1,7
16:40,2,68
16:40,3,5
16:40,4,42
16:40,5,63
16:40,6,47
16:40,7,7
16:40,8,58
16:40,9,73
16:40,10,0
16:40,11,49
16:40,12,62
16:40,13,28
16:40,14,48
16:40,15,45
16:40,16,15
16:40,17,2
16:40,18,53
16:40,19,32
16:40,20,46
16:40,21,39
16:40,22,84
16:40,23,0
16:45,0,76
16:45,1,0
16:45,2,99
16:45,3,18
16:45,4,62
16:45,5,4
16:45,6,30
16:45,7,26
16:45,8,11
16:45,9,98
16:45,10,31
16:45,11,53
16:45,12,14
16:45,13,30
16:45,14,60
16:45,15,24
16:45,16,4
16:45,17,12
16:45,18,73
16:45,19,18
16:45,20,40
16:45,21,22
16:45,22,63
16:45,23,56
16:50,0,76
16:50,1,17
16:50,2,40
16:50,3,23
16:50,4,56
16:50,5,76
16:50,6,23
16:50,7,85
16:50,8,77
16:50,9,74
16:50,10,55
16:50,11,39
16:50,12,78
16:50,13,85
16:50,14,65
16:50,15,89
16:50,16,36
16:50,17,48
16:50,18,94
16:50,19,2
16:50,20,78
16:50,21,7
16:50,22,26
16:50,23,34
16:55,0,71
16:55,1,51
16:55,2,52
16:55,3,12
16:55,4,25
16:55,5,16
16:55,6,20
16:55,7,2
16:55,8,85
16:55,9,12
16:55,10,25
16:55,11,93
16:55,12,88
16:55,13,0
16:55,14,78
16:55,15,65
16:55,16,74
16:55,17,33
16:55,18,56
16:55,19,5
16:55,20,71
16:55,21,21
16:55,22,46
16:55,23,7
17:00,0,69
17:00,1,93
17:00,2,9
17:00,3,0
17:00,4,0
17:00,5,87
17:00,6,34
17:00,7,71
17:00,8,38
17:00,9,87
17:00,10,35
17:00,11,64
17:00,12,55
17:00,13,7
17:00,14,66
17:00,15,40
17:00,16,71
17:00,17,43
17:00,18,33
17:00,19,60
17:00,20,43
17:00,21,64
17:00,22,77
17:00,23,69
17:05,0,49
17:05,1,34
17:05,2,74
17:05,3,20
17:05,4,7
17:05,5,73
17:05,6,27
17:05,7,29
17:05,8,66
17:05,9,88
17:05,10,29
17:05,11,66
17:05,12,27
17:05,13,63
17:05,14,89
17:05,15,66
17:05,16,50
17:05,17,25
17:05,18,82
17:05,19,5
17:05,20,84
17:05,21,0
17:05,22,97
17:05,23,56
17:10,0,43
17:10,1,31
17:10,2,68
17:10,3,86
17:10,4,47
17:10,5,97
17:10,6,7
17:10,7,96
17:10,8,83
17:10,9,82
17:10,10,17
17:10,11,43
17:10,12,55
17:10,13,96
17:10,14,72
17:10,15,21
17:10,16,37
17:10,17,1
17:10,18,39
17:10,19,64
17:10,20,64
17:10,21,28
17:10,22,30
17:10,23,67
17:15,0,5
17:15,1,64
17:15,2,24
17:15,3,42
17:15,4,64
17:15,5,22
17:15,6,50
17:15,7,7
17:15,8,5
17:15,9,18
17:15,10,45
17:15,11,52
17:15,12,67
17:15,13,53
17:15,14,48
17:15,15,51
17:15,16,87
17:15,17,17
17:15,18,94
17:15,19,94
17:15,20,14
17:15,21,66
17:15,22,67
17:15,23,51
17:20,0,19
17:20,1,6
17:20,2,67
17:20,3,83
17:20,4,86
17:20,5,50
17:20,6,2
17:20,7,44
17:20,8,14
17:20,9,27
17:20,10,86
17:20,11,79
17:20,12,49
17:20,13,36
17:20,14,86
17:20,15,6
17:20,16,6
17:20,17,32
17:20,18,58
17:20,19,25
17:20,20,37
17:20,21,58
17:20,22,76
17:20,23,24
17:25,0,76
17:25,1,22
17:25,2,18
17:25,3,42
17:25,4,40
17:25,5,85
17:25,6,45
17:25,7,59
17:25,8,43
17:25,9,12
17:25,10,95
17:25,11,29
17:25,12,62
17:25,13,97
17:25,14,73
17:25,15,77
17:25,16,76
17:25,17,11
17:25,18,8
17:25,19,77
17:25,20,99
17:25,21,94
17:25,22,83
17:25,23,5
17:30,0,78
17:30,1,93
17:30,2,83
17:30,3,67
17:30,4,52
17:30,5,11
17:30,6,91
17:30,7,80
17:30,8,34
17:30,9,9
17:30,10,22
17:30,11,26
17:30,12,46
17:30,13,67
17:30,14,38
17:30,15,89
17:30,16,31
17:30,17,85
17:30,18,19
17:30,19,94
17:30,20,82
17:30,21,44
17:30,22,23
17:30,23,11
17:35,0,56
17:35,1,31
17:35,2,88
17:35,3,7
17:35,4,77
17:35,5,72
17:35,6,13
17:35,7,8
17:35,8,65
17:35,9,96
17:35,10,75
17:35,11,69
17:35,12,7
17:35,13,67
17:35,14,49
17:35,15,93
17:35,16,28
17:35,17,23
17:35,18,72
17:35,19,27
17:35,20,42
17:35,21,10
17:35,22,16
17:35,23,74
17:40,0,47
17:40,1,87
17:40,2,20
17:40,3,81
17:40,4,32
17:40,5,43
17:40,6,92
17:40,7,40
17:40,8,74
17:40,9,81
17:40,10,47
17:40,11,51
17:40,12,5
17:40,13,12
17:40,14,59
17:40,15,22
17:40,16,60
17:40,17,87
17:40,18,92
17:40,19,20
17:40,20,54
17:40,21,93
17:40,22,65
17:40,23,34
17:45,0,17
17:45,1,37
17:45,2,61
17:45,3,59
17:45,4,99
17:45,5,78
17:45,6,85
17:45,7,98
17:45,8,17
17:45,9,5
17:45,10,80
17:45,11,1
17:45,12,48
17:45,13,72
17:45,14,41
17:45,15,74
17:45,16,5
17:45,17,41
17:45,18,78
17:45,19,10
17:45,20,5
17:45,21,89
17:45,22,33
17:45,23,66
17:50,0,76
17:50,1,77
17:50,2,38
17:50,3,30
17:50,4,70
17:50,5,3
17:50,6,17
17:50,7,39
17:50,8,93
17:50,9,78
17:50,10,51
17:50,11,44
17:50,12,8
17:50,13,36
17:50,14,43
17:50,15,26
17:50,16,42
17:50,17,23
17:50,18,27
17:50,19,42
17:50,20,47
17:50,21,21
17:50,22,17
17:50,23,53
17:55,0,62
17:55,1,95
17:55,2,63
17:55,3,19
17:55,4,36
17:55,5,48
17:55,6,37
17:55,7,13
17:55,8,25
17:55,9,75
17:55,10,95
17:55,11,48
17:55,12,31
17:55,13,12
17:55,14,87
17:55,15,76
17:55,16,91
17:55,17,90
17:55,18,20
17:55,19,99
17:55,20,27
17:55,21,15
17:55,22,25
17:55,23,69
18:00,0,90
18:00,1,5
18:00,2,63
18:00,3,38
18:00,4,26
18:00,5,80
18:00,6,91
18:00,7,40
18:00,8,27
18:00,9,6
18:00,10,59
18:00,11,64
18:00,12,7
18:00,13,97
18:00,14,77
18:00,15,84
18:00,16,72
18:00,17,24
18:00,18,32
18:00,19,55
18:00,20,37
18:00,21,72
18:00,22,31
18:00,23,28
18:05,0,62
18:05,1,4
18:05,2,79
18:05,3,41
18:05,4,19
18:05,5,57
18:05,6,62
18:05,7,62
18:05,8,62
18:05,9,26
18:05,10,0
18:05,11,40
18:05,12,58
18:05,13,43
18:05,14,80
18:05,15,86
18:05,16,1
18:05,17,39
18:05,18,2
18:05,19,60
18:05,20,88
18:05,21,31
18:05,22,45
18:05,23,61
18:10,0,55
18:10,1,29
18:10,2,68
18:10,3,92
18:10,4,1
18:10,5,0
18:10,6,72
18:10,7,16
18:10,8,56
18:10,9,52
18:10,10,57
18:10,11,27
18:10,12,61
18:10,13,20
18:10,14,89
18:10,15,75
18:10,16,46
18:10,17,41
18:10,18,15
18:10,19,56
18:10,20,84
18:10,21,95
18:10,22,42
18:10,23,38
18:15,0,86
18:15,1,96
18:15,2,98
18:15,3,75
18:15,4,27
18:15,5,43
18:15,6,88
18:15,7,35
18:15,8,73
18:15,9,56
18:15,10,79
18:15,11,26
18:15,12,8
18:15,13,52
18:15,14,94
18:15,15,64
18:15,16,56
18:15,17,52
18:15,18,92
18:15,19,69
18:15,20,24
18:15,21,81
18:15,22,44
18:15,23,22
18:20,0,23
18:20,1,59
18:20,2,78
18:20,3,59
18:20,4,6
18:20,5,73
18:20,6,97
18:20,7,92
18:20,8,69
18:20,9,48
18:20,10,67
18:20,11,49
18:20,12,91
18:20,13,55
18:20,14,36
18:20,15,16
18:20,16,64
18:20,17,15
18:20,18,95
18:20,19,72
18:20,20,19
18:20,21,89
18:20,22,37
18:20,23,75
18:25,0,93
18:25,1,81
18:25,2,44
18:25,3,17
18:25,4,62
18:25,5,40
18:25,6,39
18:25,7,37
18:25,8,99
18:25,9,70
18:25,10,97
18:25,11,5
18:25,12,43
18:25,13,46
18:25,14,98
18:25,15,64
18:25,16,94
18:25,17,17
18:25,18,65
18:25,19,38
18:25,20,25
18:25,21,1
18:25,22,6
18:25,23,89
18:30,0,17
18:30,1,1
18:30,2,13
18:30,3,36
18:30,4,91
18:30,5,2
18:30,6,64
18:30,7,84
18:30,8,83
18:30,9,60
18:30,10,54
18:30,11,98
18:30,12,1
18:30,13,93
18:30,14,35
18:30,15,0
18:30,16,15
18:30,17,32
18:30,18,58
18:30,19,58
18:30,20,31
18:30,21,56
18:30,22,75
18:30,23,25
18:35,0,25
18:35,1,40
18:35,2,63
18:35,3,50
18:35,4,42
18:35,5,70
18:35,6,91
18:35,7,11
18:35,8,23
18:35,9,57
18:35,10,47
18:35,11,14
18:35,12,59
18:35,13,11
18:35,14,51
18:35,15,95
18:35,16,24
18:35,17,5
18:35,18,93
18:35,19,25
18:35,20,50
18:35,21,28
18:35,22,77
18:35,23,66
18:40,0,13
18:40,1,35
18:40,2,76
18:40,3,44
18:40,4,91
18:40,5,51
18:40,6,21
18:40,7,69
18:40,8,44
18:40,9,37
18:40,10,71
18:40,11,86
18:40,12,7
18:40,13,15
18:40,14,97
18:40,15,82
18:40,16,72
18:40,17,96
18:40,18,97
18:40,19,83
18:40,20,60
18:40,21,0
18:40,22,78
18:40,23,84
18:45,0,5
18:45,1,71
18:45,2,61
18:45,3,7
18:45,4,52
18:45,5,38
18:45,6,73
18:45,7,65
18:45,8,74
18:45,9,2
18:45,10,61
18:45,11,65
18:45,12,53
18:45,13,82
18:45,14,86
18:45,15,49
18:45,16,19
18:45,17,58
18:45,18,35
18:45,19,78
18:45,20,73
18:45,21,84
18:45,22,61
18:45,23,45
18:50,0,33
18:50,1,10
18:50,2,28
18:50,3,93
18:50,4,62
18:50,5,59
18:50,6,29
18:50,7,67
18:50,8,30
18:50,9,90
18:50,10,26
18:50,11,34
18:50,12,28
18:50,13,0
18:50,14,99
18:50,15,2
18:50,16,2
18:50,17,12
18:50,18,20
18:50,19,7
18:50,20,95
18:50,21,6
18:50,22,9
18:50,23,66
18:55,0,64
18:55,1,44
18:55,2,45
18:55,3,89
18:55,4,81
18:55,5,58
18:55,6,86
18:55,7,14
18:55,8,68
18:55,9,15
18:55,10,7
18:55,11,30
18:55,12,26
18:55,13,36
18:55,14,49
18:55,15,8
18:55,16,26
18:55,17,75
18:55,18,43
18:55,19,6
18:55,20,27
18:55,21,94
18:55,22,9
18:55,23,81
19:00,0,7
19:00,1,29
19:00,2,41
19:00,3,54
19:00,4,35
19:00,5,50
19:00,6,20
19:00,7,52
19:00,8,46
19:00,9,65
19:00,10,41
19:00,11,27
19:00,12,75
19:00,13,28
19:00,14,93
19:00,15,43
19:00,16,95
19:00,17,0
19:00,18,25
19:00,19,73
19:00,20,88
19:00,21,26
19:00,22,81
19:00,23,66
19:05,0,54
19:05,1,24
19:05,2,73
19:05,3,81
19:05,4,19
19:05,5,82
19:05,6,15
19:05,7,78
19:05,8,63
19:05,9,56
19:05,10,32
19:05,11,50
19:05,12,58
19:05,13,52
19:05,14,2
19:05,15,4
19:05,16,70
19:05,17,96
19:05,18,32
19:05,19,45
19:05,20,76
19:05,21,77
19:05,22,41
19:05,23,23
19:10,0,30
19:10,1,18
19:10,2,96
19:10,3,18
19:10,4,97
19:10,5,77
19:10,6,37
19:10,7,51
19:10,8,54
19:10,9,62
19:10,10,84
19:10,11,73
19:10,12,96
19:10,13,99
19:10,14,3
19:10,15,59
19:10,16,7
19:10,17,35
19:10,18,9
19:10,19,65
19:10,20,39
19:10,21,64
19:10,22,22
19:10,23,61
19:15,0,12
19:15,1,6
19:15,2,7
19:15,3,88
19:15,4,83
19:15,5,0
19:15,6,11
19:15,7,13
19:15,8,18
19:15,9,7
19:15,10,84
19:15,11,15
19:15,12,36
19:15,13,21
19:15,14,18
19:15,15,90
19:15,16,35
19:15,17,3
19:15,18,15
19:15,19,31
19:15,20,54
19:15,21,18
19:15,22,42
19:15,23,14
19:20,0,5
19:20,1,51
19:20,2,79
19:20,3,97
19:20,4,67
19:20,5,1
19:20,6,58
19:20,7,79
19:20,8,59
19:20,9,17
19:20,10,67
19:20,11,43
19:20,12,17
19:20,13,30
19:20,14,56
19:20,15,36
19:20,16,89
19:20,17,40
19:20,18,3
19:20,19,26
19:20,20,13
19:20,21,22
19:20,22,16
19:20,23,48
19:25,0,77
19:25,1,84
19:25,2,79
19:25,3,31
19:25,4,54
19:25,5,21
19:25,6,97
19:25,7,60
19:25,8,25
19:25,9,77
19:25,10,57
19:25,11,44
19:25,12,30
19:25,13,67
19:25,14,24
19:25,15,90
19:25,16,85
19:25,17,43
19:25,18,85
19:25,19,2
19:25,20,26
19:25,21,41
19:25,22,90
19:25,23,15
19:30,0,34
19:30,1,46
19:30,2,41
19:30,3,47
19:30,4,20
19:30,5,10
19:30,6,48
19:30,7,97
19:30,8,46
19:30,9,27
19:30,10,80
19:30,11,0
19:30,12,1
19:30,13,78
19:30,14,60
19:30,15,78
19:30,16,7
19:30,17,69
19:30,18,22
19:30,19,89
19:30,20,89
19:30,21,98
19:30,22,31
19:30,23,74
19:35,0,94
19:35,1,16
19:35,2,28
19:35,3,20
19:35,4,10
19:35,5,19
19:35,6,35
19:35,7,96
19:35,8,17
19:35,9,29
19:35,10,95
19:35,11,37
19:35,12,39
19:35,13,43
19:35,14,86
19:35,15,37
19:35,16,23
19:35,17,66
19:35,18,37
19:35,19,24
19:35,20,96
19:35,21,50
19:35,22,54
19:35,23,3
19:40,0,19
19:40,1,28
19:40,2,45
19:40,3,60
19:40,4,27
19:40,5,76
19:40,6,34
19:40,7,21
19:40,8,45
19:40,9,63
19:40,10,93
19:40,11,7
19:40,12,34
19:40,13,28
19:40,14,3
19:40,15,51
19:40,16,57
19:40,17,98
19:40,18,40
19:40,19,48
19:40,20,42
19:40,21,26
19:40,22,85
19:40,23,65
19:45,0,92
19:45,1,75
19:45,2,41
19:45,3,41
19:45,4,25
19:45,5,47
19:45,6,96
19:45,7,96
19:45,8,75
19:45,9,41
19:45,10,57
19:45,11,2
19:45,12,70
19:45,13,91
19:45,14,75
19:45,15,15
19:45,16,6
19:45,17,68
19:45,18,22
19:45,19,92
19:45,20,49
19:45,21,77
19:45,22,95
19:45,23,58
19:50,0,75
19:50,1,35
19:50,2,59
19:50,3,69
19:50,4,61
19:50,5,44
19:50,6,86
19:50,7,6
19:50,8,71
19:50,9,27
19:50,10,47
19:50,11,96
19:50,12,74
19:50,13,43
19:50,14,93
19:50,15,50
19:50,16,37
19:50,17,50
19:50,18,4
19:50,19,7
19:50,20,93
19:50,21,32
19:50,22,74
19:50,23,52
19:55,0,52
19:55,1,96
19:55,2,44
19:55,3,1
19:55,4,25
19:55,5,40
19:55,6,60
19:55,7,0
19:55,8,75
19:55,9,19
19:55,10,22
19:55,11,89
19:55,12,15
19:55,13,8
19:55,14,95
19:55,15,87
19:55,16,88
19:55,17,42
19:55,18,35
19:55,19,62
19:55,20,37
19:55,21,28
19:55,22,64
19:55,23,74
20:00,0,30
20:00,1,21
20:00,2,81
20:00,3,24
20:00,4,5
20:00,5,55
20:00,6,28
20:00,7,57
20:00,8,3
20:00,9,72
20:00,10,11
20:00,11,28
20:00,12,64
20:00,13,23
20:00,14,81
20:00,15,92
20:00,16,94
20:00,17,55
20:00,18,81
20:00,19,61
20:00,20,63
20:00,21,76
20:00,22,48
20:00,23,51
20:05,0,18
20:05,1,36
20:05,2,66
20:05,3,7
20:05,4,64
20:05,5,82
20:05,6,82
20:05,7,95
20:05,8,3
20:05,9,63
20:05,10,71
20:05,11,8
20:05,12,71
20:05,13,99
20:05,14,18
20:05,15,26
20:05,16,23
20:05,17,29
20:05,18,7
20:05,19,88
20:05,20,4
20:05,21,40
20:05,22,32
20:05,23,98
20:10,0,95
20:10,1,13
20:10,2,59
20:10,3,58
20:10,4,89
20:10,5,60
20:10,6,62
20:10,7,59
20:10,8,96
20:10,9,28
20:10,10,66
20:10,11,60
20:10,12,10
20:10,13,48
20:10,14,7
20:10,15,66
20:10,16,64
20:10,17,30
20:10,18,26
20:10,19,87
20:10,20,29
20:10,21,44
20:10,22,13
20:10,23,5
20:15,0,25
20:15,1,72
20:15,2,45
20:15,3,29
20:15,4,12
20:15,5,77
20:15,6,27
20:15,7,59
20:15,8,90
20:15,9,87
20:15,10,70
20:15,11,31
20:15,12,47
20:15,13,32
20:15,14,90
20:15,15,95
20:15,16,12
20:15,17,8
20:15,18,55
20:15,19,74
20:15,20,57
20:15,21,15
20:15,22,40
20:15,23,73
20:20,0,45
20:20,1,67
20:20,2,12
20:20,3,27
20:20,4,63
20:20,5,77
20:20,6,32
20:20,7,89
20:20,8,50
20:20,9,77
20:20,10,70
20:20,11,14
20:20,12,6
20:20,13,98
20:20,14,74
20:20,15,48
20:20,16,37
20:20,17,44
20:20,18,79
20:20,19,36
20:20,20,28
20:20,21,69
20:20,22,31
20:20,23,92
20:25,0,29
20:25,1,38
20:25,2,66
20:25,3,86
20:25,4,53
20:25,5,7
20:25,6,11
20:25,7,99
20:25,8,26
20:25,9,23
20:25,10,26
20:25,11,89
20:25,12,1
20:25,13,10
20:25,14,30
20:25,15,3
20:25,16,87
20:25,17,1
20:25,18,17
20:25,19,45
20:25,20,51
20:25,21,43
20:25,22,93
20:25,23,88
20:30,0,39
20:30,1,72
20:30,2,24
20:30,3,67
20:30,4,93
20:30,5,7
20:30,6,59
20:30,7,22
20:30,8,45
20:30,9,78
20:30,10,61
20:30,11,51
20:30,12,85
20:30,13,24
20:30,14,50
20:30,15,11
20:30,16,0
20:30,17,28
20:30,18,52
20:30,19,1
20:30,20,38
20:30,21,83
20:30,22,56
20:30,23,77
20:35,0,36
20:35,1,25
20:35,2,22
20:35,3,87
20:35,4,69
20:35,5,67
20:35,6,75
20:35,7,8
20:35,8,39
20:35,9,51
20:35,10,28
20:35,11,84
20:35,12,58
20:35,13,39
20:35,14,6
20:35,15,55
20:35,16,17
20:35,17,19
20:35,18,6
20:35,19,54
20:35,20,44
20:35,21,8
20:35,22,17
20:35,23,44
20:40,0,88
20:40,1,70
20:40,2,97
20:40,3,26
20:40,4,5
20:40,5,53
20:40,6,55
20:40,7,41
20:40,8,30
20:40,9,29
20:40,10,80
20:40,11,99
20:40,12,96
20:40,13,55
20:40,14,60
20:40,15,35
20:40,16,58
20:40,17,88
20:40,18,71
20:40,19,68
20:40,20,79
20:40,21,78
20:40,22,23
20:40,23,97
20:45,0,49
20:45,1,82
20:45,2,51
20:45,3,93
20:45,4,42
20:45,5,21
20:45,6,89
20:45,7,31
20:45,8,91
20:45,9,86
20:45,10,9
20:45,11,48
20:45,12,91
20:45,13,65
20:45,14,41
20:45,15,22
20:45,16,94
20:45,17,21
20:45,18,73
20:45,19,43
20:45,20,28
20:45,21,33
20:45,22,78
20:45,23,86
20:50,0,73
20:50,1,50
20:50,2,54
20:50,3,53
20:50,4,80
20:50,5,29
20:50,6,2
20:50,7,29
20:50,8,63
20:50,9,5
20:50,10,75
20:50,11,6
20:50,12,26
20:50,13,64
20:50,14,89
20:50,15,69
20:50,16,3
20:50,17,98
20:50,18,17
20:50,19,46
20:50,20,15
20:50,21,10
20:50,22,20
20:50,23,62
20:55,0,31
20:55,1,46
20:55,2,5
20:55,3,59
20:55,4,79
20:55,5,35
20:55,6,45
20:55,7,5
20:55,8,37
20:55,9,51
20:55,10,10
20:55,11,69
20:55,12,33
20:55,13,64
20:55,14,51
20:55,15,96
20:55,16,69
20:55,17,26
20:55,18,54
20:55,19,48
20:55,20,42
20:55,21,95
20:55,22,69
20:55,23,97
21:00,0,46
21:00,1,39
21:00,2,96
21:00,3,61
21:00,4,49
21:00,5,68
21:00,6,75
21:00,7,81
21:00,8,14
21:00,9,32
21:00,10,92
21:00,11,46
21:00,12,68
21:00,13,90
21:00,14,51
21:00,15,57
21:00,16,93
21:00,17,61
21:00,18,27
21:00,19,26
21:00,20,25
21:00,21,78
21:00,22,75
21:00,23,46
21:05,0,56
21:05,1,81
21:05,2,46
21:05,3,50
21:05,4,77
21:05,5,16
21:05,6,0
21:05,7,23
21:05,8,7
21:05,9,96
21:05,10,36
21:05,11,56
21:05,12,64
21:05,13,64
21:05,14,89
21:05,15,31
21:05,16,96
21:05,17,34
21:05,18,77
21:05,19,16
21:05,20,24
21:05,21,28
21:05,22,74
21:05,23,17
21:10,0,41
21:10,1,53
21:10,2,96
21:10,3,18
21:10,4,83
21:10,5,71
21:10,6,16
21:10,7,91
21:10,8,52
21:10,9,63
21:10,10,41
21:10,11,81
21:10,12,31
21:10,13,93
21:10,14,56
21:10,15,38
21:10,16,89
21:10,17,45
21:10,18,46
21:10,19,6
21:10,20,9
21:10,21,88
21:10,22,37
21:10,23,57
21:15,0,22
21:15,1,66
21:15,2,74
21:15,3,46
21:15,4,94
21:15,5,48
21:15,6,15
21:15,7,87
21:15,8,53
21:15,9,11
21:15,10,5
21:15,11,36
21:15,12,82
21:15,13,21
21:15,14,27
21:15,15,87
21:15,16,36
21:15,17,20
21:15,18,68
21:15,19,19
21:15,20,14
21:15,21,77
21:15,22,9
21:15,23,55
21:20,0,22
21:20,1,56
21:20,2,13
21:20,3,83
21:20,4,96
21:20,5,2
21:20,6,40
21:20,7,18
21:20,8,68
21:20,9,14
21:20,10,16
21:20,11,62
21:20,12,14
21:20,13,31
21:20,14,1
21:20,15,67
21:20,16,43
21:20,17,6
21:20,18,55
21:20,19,77
21:20,20,80
21:20,21,34
21:20,22,16
21:20,23,16
21:25,0,55
21:25,1,37
21:25,2,88
21:25,3,21
21:25,4,14
21:25,5,97
21:25,6,28
21:25,7,88
21:25,8,5
21:25,9,42
21:25,10,71
21:25,11,1
21:25,12,96
21:25,13,11
21:25,14,19
21:25,15,65
21:25,16,26
21:25,17,35
21:25,18,79
21:25,19,92
21:25,20,19
21:25,21,81
21:25,22,60
21:25,23,14
21:30,0,87
21:30,1,67
21:30,2,91
21:30,3,19
21:30,4,2
21:30,5,60
21:30,6,36
21:30,7,9
21:30,8,97
21:30,9,24
21:30,10,30
21:30,11,11
21:30,12,73
21:30,13,10
21:30,14,51
21:30,15,79
21:30,16,52
21:30,17,22
21:30,18,80
21:30,19,1
21:30,20,33
21:30,21,52
21:30,22,66
21:30,23,11
21:35,0,87
21:35,1,45
21:35,2,4
21:35,3,58
21:35,4,78
21:35,5,64
21:35,6,72
21:35,7,18
21:35,8,83
21:35,9,16
21:35,10,37
21:35,11,85
21:35,12,76
21:35,13,25
21:35,14,94
21:35,15,73
21:35,16,1
21:35,17,76
21:35,18,36
21:35,19,75
21:35,20,39
21:35,21,87
21:35,22,54
21:35,23,43
21:40,0,9
21:40,1,34
21:40,2,44
21:40,3,94
21:40,4,86
21:40,5,10
21:40,6,6
21:40,7,26
21:40,8,8
21:40,9,10
21:40,10,36
21:40,11,38
21:40,12,26
21:40,13,9
21:40,14,56
21:40,15,9
21:40,16,25
21:40,17,94
21:40,18,47
21:40,19,53
21:40,20,71
21:40,21,41
21:40,22,78
21:40,23,73
21:45,0,70
21:45,1,14
21:45,2,48
21:45,3,9
21:45,4,53
21:45,5,2
21:45,6,52
21:45,7,14
21:45,8,88
21:45,9,97
21:45,10,8
21:45,11,27
21:45,12,59
21:45,13,66
21:45,14,5
21:45,15,19
21:45,16,76
21:45,17,41
21:45,18,58
21:45,19,2
21:45,20,2
21:45,21,14
21:45,22,64
21:45,23,79
21:50,0,60
21:50,1,11
21:50,2,32
21:50,3,32
21:50,4,4
21:50,5,10
21:50,6,5
21:50,7,26
21:50,8,76
21:50,9,5
21:50,10,35
21:50,11,29
21:50,12,59
21:50,13,40
21:50,14,95
21:50,15,47
21:50,16,89
21:50,17,4
21:50,18,26
21:50,19,0
21:50,20,70
21:50,21,31
21:50,22,20
21:50,23,99
21:55,0,25
21:55,1,78
21:55,2,53
21:55,3,27
21:55,4,44
21:55,5,17
21:55,6,7
21:55,7,57
21:55,8,80
21:55,9,91
21:55,10,89
21:55,11,85
21:55,12,2
21:55,13,46
21:55,14,11
21:55,15,30
21:55,16,3
21:55,17,99
21:55,18,60
21:55,19,62
21:55,20,91
21:55,21,7
21:55,22,9
21:55,23,32
22:00,0,11
22:00,1,88
22:00,2,32
22:00,3,34
22:00,4,19
22:00,5,52
22:00,6,85
22:00,7,96
22:00,8,82
22:00,9,38
22:00,10,76
22:00,11,27
22:00,12,8
22:00,13,35
22:00,14,84
22:00,15,88
22:00,16,26
22:00,17,25
22:00,18,25
22:00,19,80
22:00,20,23
22:00,21,89
22:00,22,11
22:00,23,26
22:05,0,40
22:05,1,23
22:05,2,88
22:05,3,31
22:05,4,30
22:05,5,97
22:05,6,63
22:05,7,94
22:05,8,37
22:05,9,95
22:05,10,28
22:05,11,9
22:05,12,0
22:05,13,13
22:05,14,5
22:05,15,82
22:05,16,3
22:05,17,81
22:05,18,61
22:05,19,11
22:05,20,16
22:05,21,45
22:05,22,52
22:05,23,43
22:10,0,70
22:10,1,77
22:10,2,75
22:10,3,93
22:10,4,66
22:10,5,86
22:10,6,19
22:10,7,58
22:10,8,9
22:10,9,59
22:10,10,89
22:10,11,40
22:10,12,9
22:10,13,4
22:10,14,86
22:10,15,46
22:10,16,52
22:10,17,14
22:10,18,55
22:10,19,52
22:10,20,79
22:10,21,61
22:10,22,86
22:10,23,34
22:15,0,94
22:15,1,48
22:15,2,46
22:15,3,11
22:15,4,45
22:15,5,50
22:15,6,6
22:15,7,68
22:15,8,27
22:15,9,33
22:15,10,13
22:15,11,46
22:15,12,20
22:15,13,85
22:15,14,4
22:15,15,81
22:15,16,44
22:15,17,46
22:15,18,73
22:15,19,53
22:15,20,2
22:15,21,59
22:15,22,0
22:15,23,54
22:20,0,25
22:20,1,55
22:20,2,58
22:20,3,4
22:20,4,68
22:20,5,45
22:20,6,91
22:20,7,63
22:20,8,45
22:20,9,37
22:20,10,26
22:20,11,90
22:20,12,39
22:20,13,84
22:20,14,58
22:20,15,66
22:20,16,17
22:20,17,72
22:20,18,64
22:20,19,37
22:20,20,57
22:20,21,21
22:20,22,71
22:20,23,1
22:25,0,19
22:25,1,44
22:25,2,55
22:25,3,21
22:25,4,4
22:25,5,7
22:25,6,28
22:25,7,29
22:25,8,62
22:25,9,86
22:25,10,86
22:25,11,31
22:25,12,83
22:25,13,77
22:25,14,46
22:25,15,28
22:25,16,66
22:25,17,72
22:25,18,19
22:25,19,5
22:25,20,8
22:25,21,29
22:25,22,23
22:25,23,25
22:30,0,1
22:30,1,40
22:30,2,15
22:30,3,10
22:30,4,13
22:30,5,86
22:30,6,12
22:30,7,84
22:30,8,82
22:30,9,19
22:30,10,5
22:30,11,86
22:30,12,78
22:30,13,85
22:30,14,68
22:30,15,40
22:30,16,72
22:30,17,6
22:30,18,23
22:30,19,55
22:30,20,35
22:30,21,21
22:30,22,36
22:30,23,53
22:35,0,45
22:35,1,55
22:35,2,10
22:35,3,53
22:35,4,84
22:35,5,33
22:35,6,79
22:35,7,38
22:35,8,25
22:35,9,94
22:35,10,48
22:35,11,90
22:35,12,32
22:35,13,12
22:35,14,74
22:35,15,14
22:35,16,31
22:35,17,32
22:35,18,53
22:35,19,61
22:35,20,17
22:35,21,21
22:35,22,54
22:35,23,89
22:40,0,79
22:40,1,77
22:40,2,97
22:40,3,14
22:40,4,51
22:40,5,33
22:40,6,19
22:40,7,96
22:40,8,40
22:40,9,29
22:40,10,50
22:40,11,76
22:40,12,14
22:40,13,29
22:40,14,14
22:40,15,40
22:40,16,75
22:40,17,63
22:40,18,82
22:40,19,59
22:40,20,75
22:40,21,57
22:40,22,73
22:40,23,59
22:45,0,89
22:45,1,78
22:45,2,20
22:45,3,58
22:45,4,51
22:45,5,74
22:45,6,0
22:45,7,30
22:45,8,4
22:45,9,97
22:45,10,96
22:45,11,55
22:45,12,82
22:45,13,15
22:45,14,3
22:45,15,22
22:45,16,44
22:45,17,53
22:45,18,98
22:45,19,59
22:45,20,34
22:45,21,13
22:45,22,51
22:45,23,61
22:50,0,28
22:50,1,33
22:50,2,20
22:50,3,55
22:50,4,42
22:50,5,46
22:50,6,14
22:50,7,83
22:50,8,24
22:50,9,87
22:50,10,42
22:50,11,28
22:50,12,13
22:50,13,42
22:50,14,58
22:50,15,17
22:50,16,91
22:50,17,7
22:50,18,24
22:50,19,73
22:50,20,74
22:50,21,28
22:50,22,47
22:50,23,19
22:55,0,33
22:55,1,97
22:55,2,30
22:55,3,68
22:55,4,62
22:55,5,33
22:55,6,81
22:55,7,90
22:55,8,66
22:55,9,2
22:55,10,46
22:55,11,61
22:55,12,0
22:55,13,12
22:55,14,44
22:55,15,76
22:55,16,99
22:55,17,86
22:55,18,4
22:55,19,13
22:55,20,80
22:55,21,15
22:55,22,82
22:55,23,71
23:00,0,74
23:00,1,7
23:00,2,44
23:00,3,48
23:00,4,87
23:00,5,43
23:00,6,67
23:00,7,20
23:00,8,41
23:00,9,49
23:00,10,40
23:00,11,3
23:00,12,82
23:00,13,22
23:00,14,94
23:00,15,1
23:00,16,76
23:00,17,92
23:00,18,62
23:00,19,28
23:00,20,4
23:00,21,6
23:00,22,56
23:00,23,56
23:05,0,45
23:05,1,61
23:05,2,21
23:05,3,25
23:05,4,28
23:05,5,3
23:05,6,97
23:05,7,54
23:05,8,62
23:05,9,93
23:05,10,2
23:05,11,1
23:05,12,37
23:05,13,22
23:05,14,22
23:05,15,78
23:05,16,71
23:05,17,14
23:05,18,81
23:05,19,6
23:05,20,88
23:05,21,27
23:05,22,7
23:05,23,64
23:10,0,71
23:10,1,69
23:10,2,44
23:10,3,76
23:10,4,27
23:10,5,1
23:10,6,84
23:10,7,72
23:10,8,14
23:10,9,5
23:10,10,98
23:10,11,94
23:10,12,60
23:10,13,47
23:10,14,48
23:10,15,75
23:10,16,40
23:10,17,50
23:10,18,76
23:10,19,77
23:10,20,72
23:10,21,50
23:10,22,55
23:10,23,96
23:15,0,65
23:15,1,89
23:15,2,2
23:15,3,53
23:15,4,16
23:15,5,61
23:15,6,70
23:15,7,88
23:15,8,30
23:15,9,14
23:15,10,16
23:15,11,9
23:15,12,67
23:15,13,0
23:15,14,82
23:15,15,81
23:15,16,57
23:15,17,32
23:15,18,75
23:15,19,69
23:15,20,79
23:15,21,23
23:15,22,44
23:15,23,19
23:20,0,74
23:20,1,21
23:20,2,97
23:20,3,98
23:20,4,71
23:20,5,4
23:20,6,46
23:20,7,88
23:20,8,93
23:20,9,48
23:20,10,94
23:20,11,10
23:20,12,9
23:20,13,16
23:20,14,50
23:20,15,91
23:20,16,30
23:20,17,66
23:20,18,1
23:20,19,50
23:20,20,18
23:20,21,35
23:20,22,31
23:20,23,27
23:25,0,67
23:25,1,7
23:25,2,96
23:25,3,46
23:25,4,82
23:25,5,41
23:25,6,65
23:25,7,8
23:25,8,62
23:25,9,14
23:25,10,7
23:25,11,85
23:25,12,19
23:25,13,53
23:25,14,74
23:25,15,12
23:25,16,54
23:25,17,20
23:25,18,74
23:25,19,15
23:25,20,36
23:25,21,24
23:25,22,59
23:25,23,18
23:30,0,42
23:30,1,60
23:30,2,68
23:30,3,60
23:30,4,95
23:30,5,0
23:30,6,39
23:30,7,14
23:30,8,59
23:30,9,36
23:30,10,60
23:30,11,41
23:30,12,77
23:30,13,77
23:30,14,50
23:30,15,91
23:30,16,92
23:30,17,9
23:30,18,76
23:30,19,11
23:30,20,14
23:30,21,2
23:30,22,75
23:30,23,20
23:35,0,22
23:35,1,50
23:35,2,36
23:35,3,58
23:35,4,26
23:35,5,47
23:35,6,77
23:35,7,69
23:35,8,7
23:35,9,45
23:35,10,81
23:35,11,54
23:35,12,97
23:35,13,21
23:35,14,68
23:35,15,56
23:35,16,57
23:35,17,80
23:35,18,98
23:35,19,86
23:35,20,57
23:35,21,0
23:35,22,77
23:35,23,49
23:40,0,9
23:40,1,53
23:40,2,12
23:40,3,75
23:40,4,56
23:40,5,40
23:40,6,96
23:40,7,78
23:40,8,42
23:40,9,84
23:40,10,37
23:40,11,68
23:40,12,31
23:40,13,66
23:40,14,89
23:40,15,38
23:40,16,11
23:40,17,71
23:40,18,44
23:40,19,61
23:40,20,44
23:40,21,12
23:40,22,17
23:40,23,53
23:45,0,92
23:45,1,67
23:45,2,39
23:45,3,1
23:45,4,19
23:45,5,16
23:45,6,51
23:45,7,28
23:45,8,21
23:45,9,15
23:45,10,4
23:45,11,77
23:45,12,55
23:45,13,52
23:45,14,8
23:45,15,49
23:45,16,36
23:45,17,97
23:45,18,18
23:45,19,67
23:45,20,63
23:45,21,7
23:45,22,5
23:45,23,26
23:50,0,30
23:50,1,1
23:50,2,39
23:50,3,74
23:50,4,65
23:50,5,57
23:50,6,79
23:50,7,9
23:50,8,76
23:50,9,18
23:50,10,10
23:50,11,96
23:50,12,86
23:50,13,13
23:50,14,76
23:50,15,8
23:50,16,29
23:50,17,32
23:50,18,37
23:50,19,36
23:50,20,84
23:50,21,97
23:50,22,86
23:50,23,20
23:55,0,94
23:55,1,56
23:55,2,39
23:55,3,9
23:55,4,15
23:55,5,96
23:55,6,88
23:55,7,46
23:55,8,97
23:55,9,27
23:55,10,72
23:55,11,62
23:55,12,36
23:55,13,52
23:55,14,71
23:55,15,13
23:55,16,22
23:55,17,82
23:55,18,61
23:55,19,9
23:55,20,95
23:55,21,89
23:55,22,17
23:55,23,76
